Ligne précédente,Date,Heure
منظمة الصحة العالمية: اللقاحات أنقذت حياة 154 مليون شخص منذ,25 أبريل 2024,10:21
إفران.. تسليط الضوء على أحدث التطورات العلمية والعلاجية المرتبطة بسرطاني,20 أبريل 2024,21:57
منظمة الصحة تعتمد لقاحا فمويا جديدا ضد الكوليرا,19 أبريل 2024,12:00
تزايد في حالات الإصابة بالكوليرا في اليمن,11 أبريل 2024,10:43
انعقاد الدورة 60 لاجتماع وزراء الصحة العرب ببغداد في 17,8 أبريل 2024,10:36
بروتينات الدببة المائية أداة جديدة محتملة لإبطاء شيخوخة الإنسان,30 مارس 2024,18:13
التوقيع بالرباط على اتفاقية استضافة المؤتمر الدولي الرابع حول الصحة,29 مارس 2024,20:16
المؤتمر الدولي الرابع حول الصحة العامة بإفريقيا سيعرف حضور أزيد,29 مارس 2024,18:12
اليوم العالمي لمحاربة داء السل.. محطة سنوية لإبراز جهود المغرب,23 مارس 2024,11:03
بعض الأنظمة الغذائية والصيام المتقطع قد تقلل نمو الأورام السرطانية,20 مارس 2024,17:15
باحثون صينيون يحققون تقدما في العلاج المناعي لسرطان القولون,17 مارس 2024,10:34
اليوم العالمي للكلى: التوعية والتشخيص المبكر أفضل وسيلة للوقاية والعلاج,14 مارس 2024,11:33
وفيات الأطفال تنخفض إلى مستوى قياسي سنة 2022,13 مارس 2024,10:55
قلة النوم تزيد من احتمالات الإصابة بالنوع الثاني من مرض,12 مارس 2024,13:43
كوفيد-19 بالمغرب: 86 إصابة جديدة خلال أسبوع,26 يناير 2024,16:50
باحثون أمريكيون يطورون لقاحا يمكنه خفض نسبة الكوليسترول الضار,21 يناير 2024,10:44
وزارة الصحة تفند الشائعات حول وضع متحورات فيروس كورونا المستجد,16 يناير 2024,12:09
البروفيسور إدريس الموساوي عضوا جديدا بالأكاديمية الوطنية للطب في فرنسا,19 دجنبر 2023,20:17
تسجيل ما لا يقل عن 200 حالة وفاة بحمى لاسا,17 دجنبر 2023,18:12
جنيف: التزام دولي متجدد بالقضاء على الإيدز في أفق 2030,15 دجنبر 2023,14:10
التوقيع بالرباط على عدد من الاتفاقيات تروم تعزيز مكافحة داء,4 دجنبر 2023,22:29
123 دولة توقع على إعلان كوب 28 بشأن المناخ والصحة,3 دجنبر 2023,15:27
وكالة الأدوية الأوروبية تحذر فئات من المرضى من مخاطر استعمال,3 دجنبر 2023,13:49
مرض الهيموفيليا: مرض خطير ومعقد يستدعي جهودا متناسقة من كل,2 دجنبر 2023,10:57
اليوم العالمي لداء السكري: إطلاق حملة كشف للأشخاص المعرضين لعوامل,14 نونبر 2023,13:25
مرض النزف الوبائي الحيواني يواصل انتشاره في فرنسا,11 نونبر 2023,20:01
المؤتمر الدولي للمحاكاة في إفريقيا بالدار البيضاء يسلط الضوء على,10 نونبر 2023,02:08
تحالف الأمراض النادرة بالمغرب والجمعية المغربية لمرضى الضمور العضلي الشوكي,8 نونبر 2023,12:55
رئيس الجمعية المغربية للجراحة: انفتاح المغرب على إفريقيا في ميدان,3 نونبر 2023,13:33
اطلاق الحملة الوطنية للوقاية من داء السل,1 نونبر 2023,10:50
وزارة الصحة: تفعيل نظام اليقظة الصحية لمواجهة أي احتمال لتسرب,3 أكتوبر 2023,19:40
المركز الإفريقي للسيطرة على الأمراض والوقاية: المغرب، بلد رائد في,29 شتنبر 2023,18:11
داء الشيكونغونيا: 89 حالة إصابة مؤكدة في بوركينافاسو,28 شتنبر 2023,13:57
للمرة الثانية.. زرع قلب خنزير في جسم إنسان,24 شتنبر 2023,11:21
الكوفيد طويل الأمد يمكن أن يسبب ضررا للعديد من الأعضاء,23 شتنبر 2023,14:25
وزارة الصحة الإسرائيلية تبدأ قريبا التلقيح ضد سلالات كوفيد 19,22 شتنبر 2023,20:10
"منظمة الصحة العالمية تسجل إصابة أزيد من 1,4 مليون حالة",2 شتنبر 2023,18:43
انتشار كوفيد 19 بالصين لا يزال منخفضا رغم زيادة حالات,20 غشت 2023,10:29
اكتشاف نبات بديل للماريخوانا بالبرازيل,15 يونيو 2023,10:04
تقديم عمل بحثي مغربي خلال مؤتمر طبي في سياتل بالولايات,5 يونيو 2023,22:28
السيد أخنوش: المغرب انخرط في منظومة للتصنيع لضمان مخزون استراتيجي,21 ماي 2023,15:52
منظمة الصحة العالمية: كوفيد 19 لم يعد حالة طوارئ صحية,5 ماي 2023,15:32
خالد آيت الطالب: المركز الاستشفائي الجامعي محمد السادس بطنجة، قاطرة,28 أبريل 2023,19:56
المركز الاستشفائي الجامعي محمد السادس بطنجة.. مستشفى رقمي من الجيل,28 أبريل 2023,19:50
وفاة 35 شخصا في الأرجنتين بسبب حمى الضنك,16 أبريل 2023,16:18
الحكومة الهولندية تجيز الموت الرحيم بالنسبة لأطفال دون سن 12,15 أبريل 2023,10:14
المهرجان الدولي للمديح النبوي 2023: انطلاق النسخة العاشرة بالعيون,14 أبريل 2023,20:32
الشبكة المغربية للدفاع عن الحق في الصحة تدعو إلى بناء,6 أبريل 2023,12:44
ممارسة الرياضة واعتماد التنوع الغذائي أساس الصيام الصحي والمتوازن,29 مارس 2023,19:30
منظمة الصحة العالمية تعدل توصياتها بشأن التلقيح ضد كوفيد-19,29 مارس 2023,13:29
وزارة الصحة تطلق مشروع التكوين المستمر عن بعد في ميدان,24 مارس 2023,13:23
فيينا: الترويج للتجربة المغربية في تقنين القنب الهندي,16 مارس 2023,13:11
إنطلاق خدمات ملحق المركز الوطني للتحاقن ومبحث الدم بمستشفى مولاي,9 مارس 2023,18:04
المصادقة على إحداث على الوكالة المغربية للدم ومشتقاته,9 مارس 2023,17:06
وزارة الصحة: اعتماد نشرة أسبوعية لكوفيد 19,6 مارس 2023,17:50
الصندوق الوطني للاحتياط الاجتماعي يبسط مسطرة التصريح بالمواليد الجدد,6 مارس 2023,15:51
المغرب يعتمد بروتوكولا جديدا لعلاج كورونا,6 مارس 2023,13:48
سلا: السيد أيت الطالب يعطي إنطلاقة خدمات مشروعين صحيين,4 مارس 2023,18:29
وزير الصحة يدشن المركز الصحي الحضري بمقاطعة اليوسفية,4 مارس 2023,16:02
تطبيق الإقتطاع من المنبع بخصوص التأمين الإجباري عن المرض,3 مارس 2023,12:31
وزير الصحة يواصل سلسلة اللقاءات التشاورية مع النقابات الصحية,2 مارس 2023,21:54
الملتقى الدولي لليقظة الدوائية: السيد أيت الطالب يؤكد دعم المغرب,2 مارس 2023,21:07
مجلس النواب يصادق على إحداث الوكالة المغربية للأدوية والمنتجات الصحية,1 مارس 2023,10:09
إنفلونزا الطيور.. منظمة الصحة العالمية تحذر من خطر انتشار الفيروس,27 فبراير 2023,20:02
وزارة الصحة تخفض ثمن 90 دواءا,27 فبراير 2023,15:16
حصيلة كوفيد 19 بالمغرب: وزارة الصحة تسجل 3 إصابات جديدة,26 فبراير 2023,15:57
السيد آيت الطالب: المغرب ملتزم لتطوير قطاع الأدوية والصيدلة بإفريقيا,25 فبراير 2023,17:16
إقليم ورزازات: قافلة طبية متعددة التخصصات لفائدة ساكنة جماعة تيديلي,23 فبراير 2023,12:47
فيروس الإيدز.. إعلان شفاء ثالث حالة في العالم,21 فبراير 2023,16:02
المستشفى الجامعي الدولي الشيخ زايد يحصل على الاعتماد الكندي الدولي,18 فبراير 2023,20:55
مرض الصرع (كهربائية الدماغ) يصيب 400 ألف شخص بالمغرب,13 فبراير 2023,23:24
وزارة الصحة: 4 إصابات جديدة وأزيد من 6 ملايين و878,11 فبراير 2023,17:22
وزارة الصحة المغربية تعلن تسجيل 13 إصابة مقابل تعافي 3,9 فبراير 2023,17:04
المغرب .. تسجيل 11 إصابة جديدة مقابل تعافي 13 شخصاً,8 فبراير 2023,16:50
المغرب .. تسجيل 18 إصابة جديدة مقابل تعافي 6 أشخاص,7 فبراير 2023,16:27
وزارة الصحة المغربية تعلن تسجيل 9 إصابات جديدة مقابل تعافي,3 فبراير 2023,17:45
داء السرطان بالمغرب .. المؤشرات الوبائية تظل مقلقة (الشبكة المغربية,3 فبراير 2023,12:52
المغرب .. تسجيل 4 إصابات جديدة مقابل تعافي 4 أشخاص,2 فبراير 2023,17:55
البروفسور عبد اللطيف بنيدر : المغرب يبذل جهودا كبيرة في,1 فبراير 2023,20:15
المغرب .. تسجيل 14 إصابة جديدة مقابل تعافي 15 شخصاً,1 فبراير 2023,17:03
إقليم تارودانت : تنظيم قافلة طبية متعددة التخصصات بجماعة تازمورت,1 فبراير 2023,14:32
المغرب .. تسجيل 11 إصابة جديدة مقابل تعافي 14 شخصاً,31 يناير 2023,16:43
وزارة الصحة المغربية : عدم تسجيل أية إصابات جديدة بكوفيد,30 يناير 2023,16:52
المغرب .. تسجيل 8 إصابات جديدة مقابل تعافي 16 شخصاً,26 يناير 2023,17:19
وزارة الصحة المغربية تسجل 13 إصابة جديدة مقابل تعافي 24,25 يناير 2023,16:46
المغرب .. تسجيل 19 إصابة جديدة مقابل تعافي 34 شخصاً,24 يناير 2023,17:15
المغرب .. تسجيل ثلاث إصابات جديدة مقابل تعافي 9 أشخاص,23 يناير 2023,15:55
وزارة الصحة المغربية تسجل 15 إصابة جديدة مقابل تعافي 25,20 يناير 2023,17:12
افتتاح مستشفى جديد يعزز الخدمات الصحية بآسفي,20 يناير 2023,15:45
المغرب .. تسجيل 15 إصابة جديدة مقابل تعافي17 شخصاً من,19 يناير 2023,17:14
وزارة الصحة المغربية تسجل 26 إصابة جديدة مقابل تعافي 32,18 يناير 2023,16:21
المغرب .. تسجيل 3 إصابات جديدة مقابل تعافي 24 شخصاً,16 يناير 2023,15:40
عدم توفر الأدوية المضادة يزيد من معاناة المصابين بالضمور العضلي,16 يناير 2023,10:58
خبير : المتحورات الفرعية اكس بي بي غير متفشية في,9 يناير 2023,09:47
لقاء بالرباط حول الإطار التعاقدي المتعلق بالتأمين الإجباري الأساسي عن,6 يناير 2023,23:36
كوفيد 19: بين الشك والأمل، الصين تسعى لاستعادة الحياة الطبيعية,6 يناير 2023,13:09
ألمانيا تفرض اختبارات كوفيد على الركاب القادمين من الصين,5 يناير 2023,17:36
الصين تلتزم بتقاسم المعلومات المتعلقة بكوفيد 19,4 يناير 2023,15:04
وزارة الصحة : تسجيل 55 إصابة جديدة بكوفيد 19 في,3 يناير 2023,16:45
بلجيكا ترفع من مستوى تأهبها في مواجهة عودة تفشي الكوفيد,3 يناير 2023,07:35
مديرية الأدوية والصيدلة تعقد لقاء تشاوريا مع المجلس الوطني لهيئة,2 يناير 2023,16:31
الدكتور الطيب حمضي: المغرب حذر، لكنه غير قلق,2 يناير 2023,12:40
الحصيلة الوبائية بالمغرب : تسجيل 55 إصابة جديدة مقابل تعافي,30 دجنبر 2022,16:51
وزارة الصحة تعلن تسجيل 2500 مستلزما طبيا جديداً بمديرية الأدوية,30 دجنبر 2022,13:56
كوفيد 19.. الصين تبقي على درجة عالية من الاستعداد,30 دجنبر 2022,09:23
المغرب .. تسجيل 53 إصابة جديدة مقابل تعافي 97 شخصاً,29 دجنبر 2022,16:27
وزارة الصحة تعلن تسجيل 66 إصابة جديدة مقابل تعافي 41,28 دجنبر 2022,18:48
وزارة الصحة تؤكد أن المخزون الوطني من دواء ليفوثيروكس كافٍ,28 دجنبر 2022,14:08
وزارة الصحة المغربية تعلن أن الموجة الحالية لكوفيد تنتهي في,27 دجنبر 2022,16:27
الحصيلة الوبائية بالمغرب : تسجيل 98 إصابة جديدة مقابل تعافي,27 دجنبر 2022,16:18
كوفيد 19.. الصين ترفع القيود المفروضة على الوافدين من الخارج,27 دجنبر 2022,09:36
المغرب .. تسجيل 16 إصابة جديدة مقابل تعافي 77 شخصاً,26 دجنبر 2022,15:58
منظمة الصحة العالمية .. تفشي الكوليرا والإيبولا وآمال في لقاح,25 دجنبر 2022,20:25
الدار البيضاء : حملة للكشف عن داء السيدا والتحسيس بخطورته,24 دجنبر 2022,23:45
الحصيلة الوبائية بالمغرب : تسجيل 69 إصابة جديدة مقابل تعافي,23 دجنبر 2022,17:22
المغرب .. تسجيل 80 إصابة جديدة مقابل تعافي 129 شخصاً,22 دجنبر 2022,17:23
السيد خالد آيت الطالب يدشن سلسلة جديدة من الحوار الاجتماعي,22 دجنبر 2022,12:16
الحصيلة الوبائية بالمغرب : تسجيل 72 إصابة جديدة مقابل تعافي,21 دجنبر 2022,16:27
السيد خالد آيت الطالب يعطي الانطلاقة الرسمية للمخططات الجهوية الخاصة,20 دجنبر 2022,16:09
المغرب .. تسجيل 105 إصابات جديدة مقابل تعافي 157 شخصاً,20 دجنبر 2022,15:57
وزارة الصحة بصدد بلورة المخطط الوطني الاستراتيجي للصحة العقلية,19 دجنبر 2022,22:27
الحصيلة الوبائية بالمغرب : تسجيل 20 إصابة جديدة مقابل تعافي,19 دجنبر 2022,16:23
منظمة الصحة العالمية تحذر من تفشي الكوليرا بوتيرة أكثر فتكا,17 دجنبر 2022,17:48
تسجيل 83 إصابة جديدة بـكوفيد 19 في المغرب,17 دجنبر 2022,15:42
الحصيلة الوبائية بالمغرب : تسجيل 111 إصابة جديدة وثلاث وفيات,16 دجنبر 2022,16:23
الحصيلة الوبائية بالمغرب : تسجيل 122 إصابة جديدة وحالة وفاة,15 دجنبر 2022,17:20
المغرب .. تسجيل 148 إصابة جديدة وحالة وفاة واحدة بكوفيد,14 دجنبر 2022,16:23
الحصيلة الوبائية بالمغرب : تسجيل 139 إصابة جديدة وحالة وفاة,13 دجنبر 2022,16:31
المغرب .. تسجيل 18 إصابة جديدة مقابل تعافي 82 شخصاً,12 دجنبر 2022,16:49
خبراء وباحثون يناقشون سياسات وبرامج الصحة الإنجابية بالداخلة,11 دجنبر 2022,22:33
حصيلة كوفيد المغرب : تسجيل 42 إصابة جديدة,11 دجنبر 2022,15:57
حصيلة كوفيد المغرب : 112 إصابة جديدة وأزيد من 6,10 دجنبر 2022,16:20
كوفيد 19 .. تسجيل 156 إصابة جديدة مقابل تعافي 183,9 دجنبر 2022,17:00
المغرب .. تسجيل 134 إصابة جديدة مقابل تعافي 151 شخصاً,8 دجنبر 2022,16:29
المغرب .. تسجيل 147 إصابة جديدة وحالة وفاة واحدة بكوفيد,7 دجنبر 2022,16:55
وزارة الصحة تطلق حملة وطنية للوقاية من المضاعفات الناجمة عن,7 دجنبر 2022,12:09
الحصيلة الوبائية بالمغرب : تسجيل 179 إصابة جديدة وحالة وفاة,6 دجنبر 2022,17:09
المغرب .. تسجيل 46 إصابة جديدة مقابل تعافي 107 أشخاصٍ,5 دجنبر 2022,19:10
النشرة اليومية لحصيلة كوفيد : 49 إصابة جديدة بالمغرب,4 دجنبر 2022,15:51
جرسيف .. جمعية قطرة أمل لتحاقن الدم تنظم حملة للتبرع,2 دجنبر 2022,20:15
إجراء أول عملية لجراحة القلب المفتوح لمستفيد سابق من نظام,2 دجنبر 2022,17:44
كوفيد 19 .. تسجيل 149 إصابة جديدة مقابل تعافي 113,2 دجنبر 2022,16:16
المغرب .. تسجيل 179 إصابة جديدة مقابل تعافي 172 شخصاً,1 دجنبر 2022,16:21
الصندوق الوطني للضمان الاجتماعي يعلن إنطلاق العمل بنظام التأمين الإجباري,1 دجنبر 2022,11:51
الحصيلة الوبائية بالمغرب : تسجيل 184 إصابة جديدة مقابل تعافي,30 نونبر 2022,16:29
توقيع اتفاقية شراكة تحدد مخطط العمل المشترك 2022-2026 حول الصحة,29 نونبر 2022,21:06
المغرب .. تسجيل 199 إصابة جديدة مقابل تعافي 131 شخصا,29 نونبر 2022,16:09
نجاح ثاني عملية زرع كبد من متبرعة حية بالمركز الاستشفائي,29 نونبر 2022,10:33
المغرب .. تسجيل 44 إصابة جديدة بكوفيد 19,28 نونبر 2022,16:37
جامعة شعيب الدكالي بالجديدة تعقد لقاءً حول الآثار الضارة للإدمان,28 نونبر 2022,11:28
المغرب .. تسجيل 170 إصابة جديدة وحالة وفاة واحدة بكوفيد,25 نونبر 2022,16:50
كوفيد 19 .. تسجيل 150 إصابة جديدة مقابل تعافي 98,24 نونبر 2022,16:55
حصيلة كوفيد بالمغرب :219 إصابة جديدة و تعافي 61 شخصا,23 نونبر 2022,16:55
السودان : تسجيل 26 حالة وفاة و462 حالة إصابة مؤكدة,23 نونبر 2022,11:01
الحصيلة الوبائية بالمغرب : تسجيل 247 إصابة جديدة مقابل تعافي,22 نونبر 2022,17:25
المغرب .. يحتفل باليوم الوطني لمحاربة داء السرطان,22 نونبر 2022,13:49
مديرية الأدوية والصيدلة تعقد لقاءات تشاورية مع الفاعلين في القطاع,22 نونبر 2022,12:59
كوفيد 19 .. تسجيل 35 إصابة جديدة مقابل تعافي 71,21 نونبر 2022,17:29
المناظرة الإفريقية للحد من المخاطر الصحية .. السيد آيت الطالب,19 نونبر 2022,22:02
كوفيد 19 : تسجيل 138 إصابة جديدة بالمغرب,18 نونبر 2022,17:29
السيد آيت الطالب : الأمن ومستقبل افريقيا مسؤولية حصرية للأفارقة,17 نونبر 2022,23:05
وزارة الصحة تعلن تسجيل 122 إصابة جديدة مقابل تعافي 92,17 نونبر 2022,17:42
الحصيلة الوبائية بالمغرب : تسجيل 129 إصابة جديدة مقابل تعافي,16 نونبر 2022,16:24
وزارة الصحة تعلن تسجيل 149 إصابة جديدة مقابل تعافي 94,15 نونبر 2022,16:10
الدار البيضاء : تنظيم حملة توعية بمناسبة اليوم العالمي لداء,14 نونبر 2022,17:44
المغرب .. تسجيل 22 إصابة جديدة مقابل تعافي 47 شخصاً,14 نونبر 2022,16:51
إطلاق المرحلة الثالثة من البرنامج التكويني للأطباء والصيادلة المتعلق بالاستخدامات,13 نونبر 2022,09:59
وزارة الصحة :تسجيل 103 إصابات جديدة بكوفيد 19,12 نونبر 2022,16:40
المغرب .. تسجيل 108 إصابات جديدة مقابل تعافي 63 شخصا,11 نونبر 2022,16:59
الحصيلة الوبائية بالمغرب : تسجيل 119 إصابة جديدة مقابل تعافي,10 نونبر 2022,18:26
المغرب .. تسجيل 127 إصابة جديدة وحالة وفاة واحدة بكوفيد,9 نونبر 2022,17:19
الحصيلة الوبائية بالمغرب : تسجيل 95 إصابة جديدة مقابل تعافي,8 نونبر 2022,16:49
معاذ المرابط : احتمال دخول المغرب في موجة خامسة من,8 نونبر 2022,14:39
منظمة الصحة العالمية: 15 ألف وفاة بسبب موجات الحر في,7 نونبر 2022,23:00
الحصيلة الوبائية لكوفيد 19 : تسجيل 11 إصابة جديدة مقابل,7 نونبر 2022,17:02
كوفيد 19 : 33 إصابة جديدة وأزيد من 6 ملايين,6 نونبر 2022,16:30
الصين تجدد التأكيد على تشبتها باستراتيجيتها لمكافحة كوفيد-19,6 نونبر 2022,10:16
المغرب .. تسجيل 88 إصابة جديدة مقابل تعافي 43 شخصاً,4 نونبر 2022,16:33
وزير الصحة يؤكد أن مدونة التغطية الصحية تروم أجرأة ورش,4 نونبر 2022,15:41
المغرب .. تسجيل 56 إصابة جديدة مقابل تعافي 15 شخصاً,3 نونبر 2022,19:33
الحصيلة الوبائية اليومية : تسجيل 82 إصابة جديدة مقابل تعافي,2 نونبر 2022,16:20
تعيين وحدة مشتركة مغربية مركزا للتميز الإقليمي في مجال الصيدلة,2 نونبر 2022,09:47
وزارة الصحة تسجل 49 إصابة جديدة مقابل تعافي 27 شخصا,1 نونبر 2022,18:39
منظمة الصحة العالمية تحذر من تفشي الكوليرا في لبنان,31 أكتوبر 2022,21:23
المغرب .. تسجيل 12 إصابة جديدة مقابل تعافي 7 أشخاص,31 أكتوبر 2022,16:28
وزارة الصحة تعلن تسجيل 26 إصابة جديدة مقابل تعافي 34,28 أكتوبر 2022,16:20
المغرب .. تسجيل 46 إصابة جديدة مقابل تعافي 25 شخصاً,27 أكتوبر 2022,16:35
الحصيلة الوبائية بالمغرب : تسجيل 46 إصابة جديدة مقابل تعافي,26 أكتوبر 2022,16:40
المغرب .. تسجيل 35 إصابة جديدة وحالة وفاة واحدة بكوفيد,25 أكتوبر 2022,16:41
الحصيلة الوبائية بالمغرب : تسجيل 7 إصابات جديدة مقابل تعافي,24 أكتوبر 2022,16:05
منظمة الصحة العالمية تدعم جهود لبنان في محاربة وباء الكوليرا,23 أكتوبر 2022,23:56
أمريكا : وفاة 6 أشخاص بفيروس جدري القردة,23 أكتوبر 2022,21:28
حصيلة كوفيد: 7 إصابات وأزيد من 6 ملايين و836 ألف,23 أكتوبر 2022,17:03
السيد بوطالب: النظام الصحي المغربي يشهد إصلاحات كبيرة,22 أكتوبر 2022,21:27
كوفيد 19 : 19 إصابة جديدة وأزيد من 6 ملايين,22 أكتوبر 2022,17:01
المغرب .. تسجيل 31 إصابة جديدة مقابل تعافي 26 شخصاً,21 أكتوبر 2022,16:51
الجمعية المغربية لطب المستعجلات تدعو إلى تحسين النظام الاستشفائي وتطوير,20 أكتوبر 2022,21:22
المغرب .. تسجيل 31 إصابة جديدة مقابل تعافي 15 شخصاً,20 أكتوبر 2022,17:05
الحصيلة الوبائية بالمغرب : تسجيل 36 إصابة جديدة مقابل تعافي,19 أكتوبر 2022,16:04
المغرب .. تسجيل 33 إصابة جديدة وحالة وفاة واحدة بكوفيد,18 أكتوبر 2022,15:59
الحصيلة الوبائية بالمغرب : تسجيل 12 إصابة جديدة مقابل تعافي,17 أكتوبر 2022,15:49
وزارة الصحة تنظم حملة وطنية لمكافحة وصم الأشخاص الذين يعانون,17 أكتوبر 2022,11:02
برلين: انطلاق القمة العالمية للصحة بمشاركة المغرب,16 أكتوبر 2022,20:03
يوم دراسي لمناقشة إعادة هيكلة وإصلاح المنظومة الصحية بالمغرب,16 أكتوبر 2022,17:12
واقع ومآل التبرع وزرع الأعضاء والأنسجة البشرية : ثلاثة أسئلة,16 أكتوبر 2022,09:58
المغرب .. تسجيل 18 إصابة جديدة مقابل تعافي 12 شخصاً,14 أكتوبر 2022,17:58
الحصيلة الوبائية بالمغرب : تسجيل 24 إصابة جديدة مقابل تعافي,13 أكتوبر 2022,16:07
المغرب .. تسجيل 23 إصابة جديدة مقابل تعافي 17 شخصاً,12 أكتوبر 2022,15:36
إسبانيا : إجراء أول عملية زرع أمعاء في العالم,12 أكتوبر 2022,10:43
المغرب .. تسجيل 12 إصابة جديدة بكوفيد 19 مقابل تعافي,11 أكتوبر 2022,16:36
المغرب .. تسجيل 22 إصابة جديدة بكوفيد 19 مقابل تعافي,7 أكتوبر 2022,17:54
وزارة الصحة المغربية تعلن تسجيل 18 إصابة جديدة مقابل تعافي,6 أكتوبر 2022,16:14
الحصيلة الوبائية بالمغرب : تسجيل 24 إصابة جديدة مقابل تعافي,5 أكتوبر 2022,17:11
المغرب .. تسجيل 30 إصابة جديدة بكوفيد 19 مقابل تعافي,4 أكتوبر 2022,15:57
الحصيلة الوبائية بالمغرب : تسجيل 6 إصابات جديدة مقابل تعافي,3 أكتوبر 2022,16:29
وزارة الصحة تطلق حملة وطنية للتحسيس والكشف المبكر عن سرطاني,1 أكتوبر 2022,11:49
تسجيل 15 إصابة جديدة بكوفيد 19 مقابل تعافي 15 شخصاً,29 شتنبر 2022,16:05
الحصيلة الوبائية بالمغرب : تسجيل 17 إصابة جديدة مقابل تعافي,28 شتنبر 2022,16:52
اليوم العالمي لداء السعار 2022 : مناسبة للتحسيس بالآثار الناجمة,28 شتنبر 2022,11:00
المغرب .. تسجيل 20 إصابة جديدة بكوفيد 19 مقابل تعافي,27 شتنبر 2022,16:43
وزارة الصحة تؤكد تراجع انتشار فيروس كوفيد 19 بالمغرب,27 شتنبر 2022,16:23
الحصيلة الوبائية بالمغرب : تسجيل 4 إصابات جديدة مقابل تعافي,26 شتنبر 2022,16:51
الحصيلة الوبائية بالمغرب : تسجيل 10 إصابات جديدة مقابل تعافي,23 شتنبر 2022,16:41
كوفيد 19 .. وزارة الصحة المغربية تعلن تسجيل 18 إصابة,22 شتنبر 2022,16:27
وزارة الصحة المغربية تعلن تسجيل 15 إصابة جديدة وحالة وفاة,21 شتنبر 2022,16:30
الحصيلة الوبائية بالمغرب : تسجيل 22 إصابة جديدة مقابل تعافي,20 شتنبر 2022,17:17
وزارة الصحة المغربية تعلن تسجيل 6 إصابات جديدة مقابل تعافي,19 شتنبر 2022,16:41
الحصيلة الوبائية بالمغرب : تسجيل 12 إصابة جديدة مقابل تعافي,16 شتنبر 2022,16:40
كوفيد 19 .. تسجيل 20 إصابة جديدة مقابل تعافي 21,15 شتنبر 2022,17:00
الحصيلة الوبائية بالمغرب : تسجيل 21 إصابة جديدة مقابل تعافي,14 شتنبر 2022,16:42
كوفيد 19 .. وزارة الصحة المغربية تسجل 26 إصابة جديدة,13 شتنبر 2022,16:37
دراسة : كوفيد 19 قلص تعداد الساكنة النشيطة في الولايات,12 شتنبر 2022,20:30
الحصيلة الوبائية بالمغرب : تسجيل 5 إصابات جديدة مقابل تعافي,12 شتنبر 2022,16:13
وزارة الصحة تتعبأ لتأمين المخزون الاستراتيجي الوطني من الأدوية والمنتجات,12 شتنبر 2022,13:53
اليوم العالمي لتسمم الدم 2022 : مناسبة للتوعية بأهمية الوقاية,12 شتنبر 2022,13:27
وزارة الصحة المغربية تعلن تسجيل 13 إصابة جديدة بكوفيد 19,9 شتنبر 2022,16:14
كوفيد 19 .. تسجيل 12 إصابة جديدة مقابل تعافي 19,8 شتنبر 2022,16:33
الحصيلة الوبائية بالمغرب : تسجيل 17 إصابة جديدة وحالة وفاة,7 شتنبر 2022,16:23
خبراء: كوفيد 19 يمكن أن يتطلب جرعات تذكيرية سنويا على,6 شتنبر 2022,21:46
المغرب .. تسجيل 24 إصابة جديدة دون أي وفيات بكوفيد,6 شتنبر 2022,16:30
الحصيلة الوبائية بالمغرب : تسجيل 7 إصابات جديدة مقابل تعافي,5 شتنبر 2022,16:53
منظمة الصحة العالمية: بكتيريا “الليجيونيلا” سبب الإصابة بالالتهاب الرئوي بالأرجنتين,4 شتنبر 2022,20:56
إصابات كورونا حول العالم تتجاوز 604 ملايين حالة,4 شتنبر 2022,14:22
المغرب .. تسجيل 27 إصابة جديدة وحالة وفاة واحدة بكوفيد,2 شتنبر 2022,16:22
الحصيلة الوبائية اليومية : تسجيل 33 إصابة جديدة مقابل تعافي,1 شتنبر 2022,16:38
كوفيد 19 .. تسجيل 47 إصابة جديدة مقابل تعافي 68,31 غشت 2022,16:47
وزارة الصحة تعلن تسجيل 46 إصابة جديدة وحالة وفاة واحدة,30 غشت 2022,16:45
المغرب .. تسجيل 26 إصابة جديدة وحالة وفاة واحدة بكوفيد,29 غشت 2022,16:38
موديرنا تقاضي فايزر بايونتيك بشأن انتهاك براءة اختراع لقاح مضاد,26 غشت 2022,20:19
المغرب: الحالة الوبائية لفيروس جدري القردة جد مستقرة,26 غشت 2022,17:51
المغرب .. تسجيل 37 إصابة جديدة دون أي وفيات بكوفيد,26 غشت 2022,16:05
كوفيد 19: مليون حالة وفاة حول العالم سنة 2022,25 غشت 2022,20:11
الحصيلة اليومية بالمغرب : تسجيل 70 إصابة جديدة وحالة وفاة,25 غشت 2022,16:23
كوفيد 19 .. تسجيل 62 إصابة جديدة بالمغرب,24 غشت 2022,16:33
كوفيد19: 58 إصابة جديدة خلال الـ24 ساعة الماضية,23 غشت 2022,16:51
الحصيلة اليومية : تسجيل 25 إصابة جديدة دون أي وفيات,22 غشت 2022,16:39
حصيلة كوفيد بالمغرب : 42 إصابة جديدة وأزيد من 6,21 غشت 2022,16:22
الحصيلة الوبائية : تسجيل 86 إصابة جديدة دون أي وفيات,19 غشت 2022,17:08
المغرب .. تسجيل 79 إصابة جديدة دون أي وفيات بكوفيد,18 غشت 2022,17:07
الحصيلة اليومية : تسجيل 109 إصابة جديدة دون أي حالة,17 غشت 2022,16:33
وزارة الصحة تعلن تسجيل 100 إصابة جديدة دون أي وفيات,16 غشت 2022,16:26
المغرب .. تسجيل 38 إصابة جديدة دون أي وفيات بكوفيد,15 غشت 2022,16:08
بنما تؤكد تسجيل ثالث إصابة بجدري القردة,14 غشت 2022,12:27
نيودلهي تسجل 5 حالات إصابة بجدرى القردة,13 غشت 2022,21:23
المغرب .. تسجيل 92 إصابة جديدة وثلاث وفيات بكوفيد19,12 غشت 2022,16:47
وزارة الصحة تعلن تسجيل 129 حالة جديدة وحالتي وفاة بكوفيد,11 غشت 2022,16:56
إدارة الصحة الأمريكية تسمح بطريقة حقن جديدة للقاح جدري القردة,10 غشت 2022,23:51
المغرب .. تسجيل 148 إصابة جديدة وحالتي وفاة بكوفيد 19,10 غشت 2022,16:56
المغرب .. تسجيل 191 إصابة جديدة وحالة وفاة واحدة بكوفيد,9 غشت 2022,17:17
المغرب يعلن تسجيل 74 إصابة جديدة وحالتي وفاة بكوفيد 19,8 غشت 2022,17:45
كوفيد 19 : 121 إصابة جديدة وأزيد من 7ر6 ملايين,7 غشت 2022,17:15
كوفيد 19 : 201 إصابة جديدة وأزيد من 7ر6 ملايين,6 غشت 2022,17:40
الحصيلة اليومية : تسجيل 218 إصابة جديدة وأربع وفيات بكوفيد,5 غشت 2022,17:00
الولايات المتحدة تعلن جدري القردة حالة طوارئ صحية,4 غشت 2022,21:39
الحصيلة اليومية : تسجيل 266 إصابة جديدة وحالتي وفاة بكوفيد,4 غشت 2022,16:33
وزارة الصحة تعلن تسجيل 317 إصابة جديدة وست وفيات بكوفيد,3 غشت 2022,17:42
إحداث الجمعية الوطنية المغربية لطب وعلم الشيخوخة,3 غشت 2022,08:22
المغرب ..تسجيل 374 إصابة جديدة و أربع وفيات بكوفيد 19,2 غشت 2022,16:55
كوفيد19: تسجيل 147 إصابة جديدة و وفاة واحدة,1 غشت 2022,16:46
الحوار الإجتماعي 2022: السيد آيت الطالب يجري لقاء مع ممثلي,1 غشت 2022,14:23
كوفيد 19 : 219 إصابة جديدة وأزيد من 6 ملايين,31 يوليوز 2022,17:49
إصابات كورونا حول العالم تتجاوز 576 مليونا و800 ألف إصابة,31 يوليوز 2022,14:05
كوفيد 19.. 354 إصابة جديدة خلال الـ24 ساعة الماضية,30 يوليوز 2022,17:13
الحصيلة الوبائية اليومية : 421 إصابة جديدة وخمس وفيات بكوفيد,29 يوليوز 2022,16:37
وزارة الصحة تبرز أهداف الحملة الوطنية الأولى للكشف عن التهاب,29 يوليوز 2022,13:09
وزارة الصحة تعلن تسجيل 554 إصابة جديدة وحالتي وفاة بكوفيد,28 يوليوز 2022,16:57
المغرب .. تسجيل 659 إصابة جديدة وحالتي وفاة بكوفيد 19,27 يوليوز 2022,16:37
وزارة الصحة تطلق حملة وطنية للكشف عن التهاب الكبد الفيروسي,27 يوليوز 2022,12:33
وزارة الصحة تسجّل 743 إصابة جديدة وتسع وفيات بكوفيد 19,26 يوليوز 2022,17:12
المفوضية الأوروبية توافق على استخدام لقاح مجموعة Bavarian Nordic,25 يوليوز 2022,20:37
وزارة الصحة تعلن تسجيل 254 إصابة جديدة وحالتي وفاة بكوفيد,25 يوليوز 2022,16:35
حصيلة كوفيد المغرب : 444 إصابة جديدة وأزيد من 6,24 يوليوز 2022,16:05
الهند تسجل أول حالة إصابة بجدري القرود,24 يوليوز 2022,15:01
كوريا الجنوبية تلزم القادمين من الخارج بإجراء فحص PCR في,24 يوليوز 2022,12:39
منظمة الصحة العالمية تعلن أعلى مستوى تأهب في مواجهة جدري,24 يوليوز 2022,11:12
كوفيد 19 : 797 إصابة جديدة وأزيد من 6 ملايين,23 يوليوز 2022,18:02
وزارة الصحة تعلن تسجيل 842 إصابة جديدة وخمس وفيات بكوفيد,22 يوليوز 2022,16:44
المغرب .. تسجيل 1131 إصابة جديدة وست وفيات بكوفيد 19,21 يوليوز 2022,17:17
النشرة اليومية لحصيلة كوفيد : خمس وفيات و1209 إصابة جديدة,20 يوليوز 2022,16:16
حالات الإصابة بكوفيد في العالم تتجاوز 565 مليون حالة,20 يوليوز 2022,12:39
كوفيد 19 : أربع وفيات و1575 إصابة جديدة بالمغرب,19 يوليوز 2022,17:31
الحصيلة الوبائية بالمغرب لكوفيد 19,18 يوليوز 2022,16:36
السيد عبد اللطيف ميراوي : الطب أضحى موضوعا حقيقيا للسيادة,17 يوليوز 2022,11:44
مشروع القانون الإطار المتعلق بالمنظومة الصحية الوطنية سيسمح بمعالجة جميع,17 يوليوز 2022,11:11
إسبانيا تعلن عن تسجيل 2835 إصابة مؤكدة بجدري القرود,16 يوليوز 2022,12:19
المغرب .. تسجيل 2021 إصابة جديدة وست وفيات بكوفيد 19,15 يوليوز 2022,17:14
المغرب .. تسجيل 1943 إصابة جديدة وحالتي وفاة بكوفيد 19,14 يوليوز 2022,16:53
منظمة الصحة العالمية توصي بتطوير لقاحات من أجل مقاومة مضادات,13 يوليوز 2022,12:45
فرنسا : الوكالة الوطنية لسلامة الغذاء تؤكد ارتباط النيترات بخطر,13 يوليوز 2022,11:24
اتفاقية شراكة بين المعهد الوطني لحفظ الصحة ومؤسسة MAScIR,12 يوليوز 2022,16:07
كوفيد 19 : 587 إصابة جديدة وأزيد من 6 ملايين,12 يوليوز 2022,14:38
المفوضة الأوروبية للصحة توصي بإعطاء جرعة رابعة لمن تزيد أعمارهم,12 يوليوز 2022,11:51
إصابات كورونا حول العالم تتجاوز الـ555 مليونا,10 يوليوز 2022,15:46
أربع وفيات و2476 إصابة جديدة خلال الـ24 ساعة الماضية بـكوفيد,9 يوليوز 2022,16:47
المغرب .. تسجيل 2451 إصابة جديدة وخمس وفيات بكوفيد 19,8 يوليوز 2022,18:23
الطيب حمضي : الجرعة المعززة الثانية توفر حماية أكثر عدلا,7 يوليوز 2022,21:04
الوزير الأول المالي: مصحة محمد السادس للرعاية ما قبل وبعد,7 يوليوز 2022,15:08
اليونان : تسجيل أول حالة وفاة لطفل بالتهاب الكبد مجهول,7 يوليوز 2022,10:12
وزارة الصحة المغربية تعلن تسجيل 3043 إصابة جديدة وحالتي وفاة,6 يوليوز 2022,17:35
كوفيد 19 .. تسجيل 3849 إصابة جديدة و11 حالة وفاة,5 يوليوز 2022,17:12
المغرب .. تسجيل 941 إصابة جديدة و ثلاث وفيات بكوفيد,4 يوليوز 2022,17:10
وزارة الصحة توصي كبار السن بأخذ جرعة تذكيرية من اللقاح,2 يوليوز 2022,12:14
المغرب .. تسجيل 3370 إصابة جديدة وأربع وفيات بكوفيد 19,1 يوليوز 2022,18:07
وزارة الصحة المغربية تعلن تسجيل 4003 إصابة جديدة وحالتي وفاة,30 يونيو 2022,16:51
المركز الاستشفائي مولاي يوسف بالرباط يعلن نجاح عملية جراحية دقيقة,30 يونيو 2022,13:09
المغرب .. تسجيل 3604 إصابة جديدة وثلاث وفيات بكوفيد 19,29 يونيو 2022,16:54
كوفيد 19 .. تسجيل 4009 إصابة جديدة وثلاث وفيات بالمغرب,28 يونيو 2022,17:05
المغرب يسجل 715 إصابة جديدة دون أي وفيات بكوفيد 19,27 يونيو 2022,16:36
المغرب يسجل 2117 إصابة جديدة و3 وفيات بـ كورونا في,26 يونيو 2022,15:45
منظمة الصحة العالمية : جدري القردة ليس حالة طوارئ صحية,25 يونيو 2022,22:20
كوفيد : 3235 إصابة جديدة وأزيد من 6 ملايين و534,25 يونيو 2022,16:56
المغرب .. تسجيل 3343 إصابة جديدة وثلاث وفيات بكوفيد 19,24 يونيو 2022,16:47
المغرب والوكالة الدولية للطاقة الذرية يوقعان اتفاقاً لمكافحة داء السرطان,24 يونيو 2022,11:17
كوفيد 19 .. تسجيل 3086 إصابة جديدة وحالتي وفاة بالمغرب,23 يونيو 2022,16:06
المغرب : تمديد حالة الطوارئ الصحية إلى غاية 31 يوليوز,23 يونيو 2022,14:00
آيت الطالب يواصل جولات الحوار الإجتماعي مع نقابات الصحة,22 يونيو 2022,21:55
المغرب .. تسجيل 3141 إصابة جديدة و خمس وفيات بكوفيد,22 يونيو 2022,16:40
الحصيلة الوبائية : المغرب يسجل 3059 إصابة جديدة بكوفيد 19,21 يونيو 2022,16:39
تنظيم قافلة طبية لإزالة المياه الزرقاء بإقليم خنيفرة,21 يونيو 2022,13:00
المغرب .. تسجيل 607 إصابة جديدة دون أي وفيات بكوفيد,20 يونيو 2022,16:58
ميدلت تحتضن قافلة طبية متعددة التخصصات لفائدة ساكنة جماعة لتونفيت,20 يونيو 2022,16:00
المغرب يسجل 1258 إصابة جديدة وحالة وفاة بـكورونا في 24,19 يونيو 2022,17:02
منظمة الصحة العالمية : 2103 حالات إصابة مؤكدة بجدري القردة,18 يونيو 2022,23:43
الأيام الربيعية 2022 : الفيدرالية المغربية لصناعة الأدوية تنوه بالمبادرة,18 يونيو 2022,19:50
الحصيلة الوبائية اليومية : تسجيل 1956 إصابة جديدة وحالة وفاة,18 يونيو 2022,16:38
الحصيلة اليومية : تسجيل 1734 إصابة جديدة بكوفيد 19 في,17 يونيو 2022,16:14
المؤتمر العالمي لجراحة التشوهات الخلقية للقلب عند الأطفال 2022 :,16 يونيو 2022,19:55
وزارة الصحة تعلن تسجيل 1568 إصابة جديدة بكوفيد 19 في,16 يونيو 2022,16:28
وزارة الصحة تعلن تسجيل 1632 إصابة جديدة بكوفيد 19 في,15 يونيو 2022,16:51
السيد خالد آيت الطالب يؤكد رصد حالة جديدة لفيروس جدري,14 يونيو 2022,17:43
الحصيلة الوبائية بالمغرب : تسجيل 561 إصابة جديدة بفيروس كوفيد,13 يونيو 2022,17:03
انعقاد الدورة المغاربية والإفريقية الأولى للتكوين المستمر في مجال كهربائية,12 يونيو 2022,20:20
المندوبية الإقليمية لوزارة الصحة بمولاي يعقوب توقع اتفاقية شراكة مع,10 يونيو 2022,21:29
المغرب .. ارتفاع مهول في عدد الإصابات بكوفيد 19,10 يونيو 2022,16:41
المغرب .. تسجيل 966 إصابة جديدة دون أي وفيات بكوفيد,9 يونيو 2022,16:24
المغرب .. ارتفاع متواصل في عدد إصابات كوفيد 19,8 يونيو 2022,17:13
ارتفاع مهول في عدد الإصابات بكوفيد 19 بالمغرب,7 يونيو 2022,17:16
السيد معاذ المرابط : وزارة الصحة تدعو المواطنين إلى ارتداء,7 يونيو 2022,15:03
رصد حالات غير عادية من جدري القردة,5 يونيو 2022,15:04
المغرب .. ارتفاع متواصل في عدد الإصابات بكوفيد 19,3 يونيو 2022,16:09
مديرة المركز الوطني لتحاقن الدم تدعو إلى تكثيف حملات التبرع,3 يونيو 2022,13:28
منظمة الصحة العالمية تتوقع انخفاض وفيات كوفيد 19 في إفريقيا,2 يونيو 2022,23:35
كوفيد 19 .. ارتفاع الحصيلة الوبائية اليومية بالمغرب,2 يونيو 2022,16:20
مستجدات الحالة الوبائية بالمملكة المغربية,1 يونيو 2022,17:46
كوفيد 19 .. ارتفاع الحصيلة الوبائية اليومية بالمغرب,31 ماي 2022,16:26
جمعيات المجتمع المدني تحذر من انتشار استعمال السيجارة الالكترونية,31 ماي 2022,12:47
مستجدات الحالة الوبائية بالمملكة المغربية,30 ماي 2022,16:48
تاوريرت : تنظيم حملة للتبرع بالدم بهدف دعم المخزون الجهوي,30 ماي 2022,14:31
جمعية الصحة العالمية : المغرب يشارك في تنظيم ورشة حول,27 ماي 2022,21:45
مستجدات الحالة الوبائية بالمملكة المغربية,27 ماي 2022,16:07
كوفيد 19 .. تسجيل 239 إصابة جديدة دون أي وفيات,26 ماي 2022,16:33
السيد مصطفى بايتاس يؤكد أن الحكومة تتخد التدابير اللازمة لتتبع,26 ماي 2022,16:28
تسجيل 170 إصابة جديدة وحالة وفاة واحدة بكوفيد 19 في,25 ماي 2022,17:06
السيد خالد آيت الطالب يؤكد أن الحالات الثلاث المشتبه بإصابتها,25 ماي 2022,10:48
الدكتور الطيب حمضي يؤكد أن الحالات الثلاث المشتبه في إصابتها,24 ماي 2022,17:48
مستجدات الحالة الوبائية بالمملكة المغربية,24 ماي 2022,16:51
وزارة الصحة تعلن حالة تأهب استعدادا لمواجهة فيروس جدري القردة,24 ماي 2022,12:09
منظمة الصحة العالمية : لا حاجة لإطلاق حملات تطعيم جماعية,24 ماي 2022,11:01
جدري القردة : تفاصيل رسمية من وزارة الصحة والحماية الاجتماعية,23 ماي 2022,21:42
جدري القردة : تسجيل 3 حالات مشتبهة بالمغرب,23 ماي 2022,20:29
مستجدات الحالة الوبائية بالمملكة المغربية,23 ماي 2022,16:26
منظمة الصحة العالمية تتوقع رصد المزيد من حالات الإصابة بجدري,23 ماي 2022,12:29
تنظيم قافلة طبية بالمركز الاستشفائي سيدي محمد بن عبد الله,23 ماي 2022,11:56
وزارة الصحة والحماية الاجتماعية تكشف عن تفاصيل فيروس جذري القرود,23 ماي 2022,11:07
منظمة الصحة العالمية : جائحة كورونا لم تنته بعد,22 ماي 2022,22:11
كوفيد-19 بالمغرب : 98 إصابة جديدة و6 ملايين و369 ألفا,22 ماي 2022,17:01
جدري القرود : سويسرا تعلن تسجيل أول إصابة,22 ماي 2022,10:33
مراكش .. دورة تكوينية لفائدة أطباء مراكز تشخيص السل وأمراض,21 ماي 2022,19:22
إيبولا : الكونغو الديمقراطية تسجل رابع حالة وفاة بالوباء,21 ماي 2022,15:55
وزارة الصحة والحماية الاجتماعية تؤكد عدم رصد أي حالة إصابة,20 ماي 2022,12:06
اليوم العالمي لأطباء الأسرة 2022 : الائتلاف الوطني للاطباء العامين,19 ماي 2022,16:21
مستجدات الحالة الوبائية بالمملكة المغربية,19 ماي 2022,16:02
السيد آيت الطالب يدعو إلى وضع السيادة الصحية ضمن أولويات,18 ماي 2022,23:28
مستجدات الحالة الوبائية بالمملكة المغربية,18 ماي 2022,15:52
اليوم العالمي لارتفاع ضغط الدم 2022 : وزارة الصحة تطلق,17 ماي 2022,22:48
الحصيلة الوبائية اليومية : تسجيل 135 إصابة جديدة وحالتي وفاة,17 ماي 2022,16:38
فصيلة الدم ترتبط بنسبة 8٪ بخطر الإصابة بالنوبة القلبية!,16 ماي 2022,22:15
مستجدات الحالة الوبائية بالمملكة المغربية,16 ماي 2022,16:46
دواء جديد لمرضى السكري : إدارة الغذاء والدواء الامريكية توافق,16 ماي 2022,15:06
النشرة اليومية لحصيلة كوفيد : 89 إصابة جديدة وأزيد من,15 ماي 2022,16:04
تجويد المنظومة الصحية بالمغرب، محور المناظرة الوطنية السابعة للجمعية الوطنية,14 ماي 2022,18:21
الحالة الوبائية اليومية : تسجيل 73 إصابة جديدة دون أي,13 ماي 2022,16:11
مستجدات الحالة الوبائية بالمملكة المغربية,12 ماي 2022,15:53
الحصيلة الوبائية اليومية : تسجيل 89 إصابة جديدة دون أي,11 ماي 2022,15:28
مستجدات الحالة الوبائية بالمملكة المغربية,10 ماي 2022,16:07
البرتغال تسجل أكبر عدد من الإصابات بكوفيد-19 في الاتحاد الأوروبي,10 ماي 2022,14:57
الحصيلة اليومية بالمغرب : تسجيل 36 إصابة جديدة وحالة وفاة,9 ماي 2022,17:10
فيروس جدري القرود : رصد أول إصابة بالفيروس في بريطانيا,8 ماي 2022,19:17
كوفيد 19 : 41 إصابة جديدة وأزيد من 6 ملايين,8 ماي 2022,16:05
كوريا الجنوبية : ارتفاع حالات الإصابة بكوفيد وسط إلغاء القيود,8 ماي 2022,11:23
إفريقيا: إجمالي عدد الإصابات بكورونا في القارة تجاوز 11.5 مليون,7 ماي 2022,17:55
مستجدات الحالة الوبائية بالمملكة المغربية,6 ماي 2022,15:52
السيد خالد آيت الطالب : مستشفى ابن سينا يأتي لتقوية,5 ماي 2022,20:31
الحصيلة اليومية بالمغرب : تسجيل 58 إصابة جديدة دون أي,5 ماي 2022,16:07
مجلس الحكومة يصادق على مشروع مرسوم يتعلق باللجنة الخاصة المكلفة,5 ماي 2022,14:48
مستجدات الحالة الوبائية بالمملكة المغربية,4 ماي 2022,16:51
صندوق النقد الدولي يؤكد استجابة المغرب السريعة لأزمة كوفيد 19,4 ماي 2022,15:35
محادثات بمنظمة التجارة العالمية بشأن رفع براءات اختراع لقاحات كوفيد,3 ماي 2022,22:07
اندونيسيا : وفاة ثلاثة أطفال بسبب التهاب الكبد الغامض,3 ماي 2022,17:27
تسجيل 20 إصابة كوفيد جديدة وأزيد من 6 ملايين و255,3 ماي 2022,15:44
إبادة ملايين الطيور الداجنة في فرنسا بسبب وباء إنفلونزا الطيور,2 ماي 2022,17:28
وزارة الصحة والحماية الاجتماعية : إصابة جديدة وأزيد من 6,2 ماي 2022,16:04
تسجيل 20 إصابة جديدة خلال الـ24 ساعة الماضية بكورونا,1 ماي 2022,15:55
أحسن الطرق لتقليل الانتفاخ و غازات البطن,30 أبريل 2022,10:07
التوقيع على اتفاقية إطار للنهوض بالأعمال الاجتماعية لفائدة العاملين بالقطاع,29 أبريل 2022,23:29
مستجدات الحالة الوبائية بالمملكة المغربية,29 أبريل 2022,17:03
منظمة الصحة العالمية واليونيسف تحذران من تفشي مرض الحصبة,28 أبريل 2022,21:02
مستجدات الحالة الوبائية بالمملكة المغربية,28 أبريل 2022,15:48
مستجدات الحالة الوبائية بالمملكة المغربية,27 أبريل 2022,16:25
إدارة الغذاء والدواء الأمريكية تعلن الموافقة على أول علاج ضد,26 أبريل 2022,22:58
الحصيلة الوبائية بالمغرب : تسجيل 57 إصابة جديدة بكوفيد 19,26 أبريل 2022,16:56
مستجدات الحالة الوبائية بالمملكة المغربية,25 أبريل 2022,16:46
اليوم العالمي للملاريا 2022 : وزارة الصحة تؤكد أن البرنامج,25 أبريل 2022,15:50
خالد آيت الطالب يؤكد أنه تمت المصادقة على عشر مخططات,25 أبريل 2022,15:01
خالد آيت الطالب : وزارة الصحة تعمل على تعزيز جاذبية,25 أبريل 2022,14:05
وزارة الصحة تعلن الاحتفال بالأسبوع الوطني للتلقيح ما بين 25,25 أبريل 2022,11:38
كوفيد-19: 30 إصابة جديدة وأزيد من 6 ملايين و233 ألف,24 أبريل 2022,15:37
منظمة الصحة ترصد 170 إصابة بالالتهاب الكبدي الغامض لدى أطفال,24 أبريل 2022,09:58
كوفيد 19 : مستجدات الحالة الوبائية في المملكة,23 أبريل 2022,16:45
مستجدات الحالة الوبائية بالمملكة المغربية,22 أبريل 2022,16:12
وزارة الصحة والحماية الاجتماعية تؤكد متابعتها للوضع الوبائي لالتهاب الكبد,22 أبريل 2022,13:47
باحثون روس يطورون تكنولوجيا لتشخيص أمراض السرطان افتراضيا,21 أبريل 2022,21:49
مستجدات الحالة الوبائية بالمملكة المغربية,21 أبريل 2022,16:17
المغرب يصادق على اتفاقية ميديكريم المتعلقة بتزييف المنتجات الطبية والجرائم,21 أبريل 2022,13:23
المجلس الاقتصادي والاجتماعي والبيئي : الدعوة إلى الاعتراف بالإدمان كمرض,20 أبريل 2022,21:00
استخدام سماعات الأذن لفترة طويلة يؤدي لحدوث التهابات,20 أبريل 2022,20:51
مستجدات الحالة الوبائية بالمملكة المغربية,20 أبريل 2022,16:44
الصندوق الوطني لمنظمات الاحتياط الاجتماعي يستأنف المراقبة الطبية القبلية على,20 أبريل 2022,13:40
ضعف حاسة الشم قد يكون مؤشرا رئيسيا على نوع من,19 أبريل 2022,20:33
الكوليسترول الجيد قد يحمي من الإصابة بمرض الزهايمر,19 أبريل 2022,16:21
الحصيلة الوبائية اليومية : 56 إصابة جديدة وتعافي 63 شخصا,19 أبريل 2022,16:19
واشنطن تنظم قمة دولية افتراضية حول جائحة كوفيد,18 أبريل 2022,20:51
مستجدات الحالة الوبائية بالمملكة المغربية,18 أبريل 2022,16:12
معاذ المرابط : انتشار الوباء ضعيف والحالة الوبائية بالمغرب مستقرة,18 أبريل 2022,14:57
دراسة : ممارسة نشاط بدني، وإن كان محدودا، تقلل من,17 أبريل 2022,21:08
بريطانيا.. علماء يسعون للاستفادة من تقنية صناعة لقاحات كوفيد لتطوير,17 أبريل 2022,16:43
لقاء بالرباط يسلط الضوء على مرض الهيموفيليا ومعاناة المصابين به,16 أبريل 2022,21:11
منظمة الصحة العالمية : ظهور حالات غامضة من التهاب الكبد,16 أبريل 2022,16:54
النشرة اليومية لكوفيد : 49 إصابة جديدة وأزيد من 6,16 أبريل 2022,16:06
مستجدات الحالة الوبائية بالمملكة المغربية,15 أبريل 2022,15:52
منظمة الصحة العالمية : إصابات كورونا تجاوزت النصف مليار شخص,15 أبريل 2022,13:50
الحصيلة اليومية بالمغرب : تسجيل 70 إصابة جديدة بكوفيد 19,14 أبريل 2022,16:24
نجاح أول عملية زرع كبد من متبرع حي بالمغرب,13 أبريل 2022,22:27
منظمة الصحة العالمية تؤكد أن إصابات ووفيات كورونا تراجعت للأسبوع,13 أبريل 2022,19:48
مستجدات الحالة الوبائية بالمملكة المغربية,13 أبريل 2022,18:00
الحصيلة الوبائية بالمغرب اليوم : 83 إصابة جديدة بكوفيد 19,12 أبريل 2022,17:24
معاذ المرابط : الحالة الوبائية الحالية تعد الأفضل منذ بداية,12 أبريل 2022,14:49
منظمة الصحة العالمية تؤكد على فعالية اللقاح المضاد لسرطان عنق,12 أبريل 2022,12:39
مستجدات الوضعية الوبائية بالمملكة المغربية,11 أبريل 2022,16:04
تسجيل 68 إصابة جديدة بكوفيد وأزيد من 6 ملايين و179,10 أبريل 2022,15:45
تقنية جديدة لتجديد خلايا الجلد قد تساهم في عكس الشيخوخة,10 أبريل 2022,14:02
كوفيد 19: 74 إصابة جديدة وأزيد من 6 ملايين و178,9 أبريل 2022,16:30
خالد آيت الطالب : وزارة الصحة تسعى إلى إحداث نظام,9 أبريل 2022,12:54
مستجدات الحالة الوبائية بالمملكة المغربية,8 أبريل 2022,16:25
تسجيل 80 إصابة جديدة وتعافي 51 آخرين كحصيلة يومية لكوفيد,7 أبريل 2022,15:39
يوم الصحة العالمي 2022 : التغيرات المناخية تشكل التهديد الصحي,7 أبريل 2022,13:37
وزير الصحة المغربي يقوم بزيارة تفقدية ثانية لمستشفى القرب بني,6 أبريل 2022,21:32
وقف إنتاج البيتزا في مصنع فرنسي بسبب وفيات ناجمة عن,6 أبريل 2022,17:59
الحصيلة الوبائية اليومية : تسجيل 70 إصابة جديدة وتعافي 54,6 أبريل 2022,16:34
اليوم العالمي للتوحد 2022 : اضطراب طيف التوحد يصيب طفلا,6 أبريل 2022,15:18
المغرب يسحب شكولاتة كيندر من الأسواق ويحذر من اقتنائها,6 أبريل 2022,14:17
العزف على البيانو يقوي ذاكرة كبار السن ويقاوم الخرف,5 أبريل 2022,18:30
المغرب يسجل 95 إصابة جديدة وصفر وفيات كحصيلة وبائية يومية,5 أبريل 2022,15:49
تنظيم وحدة طبية متنقلة لفائدة النساء الحوامل بإقليم أزيلال,4 أبريل 2022,20:03
مراكز تحاقن الدم بتطوان وفاس يحصلان على شهادة ISO9001,4 أبريل 2022,17:22
المغرب يسجل 35 إصابة جديدة وتعافي 93 آخرين كحصيلة يومية,4 أبريل 2022,15:45
المرابط يؤكد أن معدل انتشار العدوى في المغرب لا يزال,4 أبريل 2022,11:47
النشرة اليومية لكوفيد .. 54 إصابة جديدة و6 ملايين و156,3 أبريل 2022,17:14
تسجيل 113 إصابة جديدة وأزيد من 6 ملايين و156 ألف,2 أبريل 2022,17:10
شنغهاي تشدد إجراءات الإغلاق العام في مواجهة تفشي الجائحة,2 أبريل 2022,16:20
التعايش مع داء السكري خلال شهر رمضان : لقاء تحسيسي,1 أبريل 2022,19:11
الحصيلة الوبائية بالمغرب : 85 إصابة جديدة وتعافي 48 شخصا,1 أبريل 2022,17:57
الحصيلة الوبائية : 60 إصابة جديدة وتعافي 31 شخصا بالمغرب,31 مارس 2022,16:54
آيت الطالب: السياسة الدوائية الوطنية ساهمت بشكل كبير في ضمان,30 مارس 2022,20:04
105 إصابة بكوفيد 19 و حالة وفاة واحدة كحصيلة يومية,30 مارس 2022,17:07
97 إصابة بكوفيد 19 و حالة وفاة واحدة كحصيلة يومية,29 مارس 2022,17:35
تسجيل 38 إصابة جديدة وحالة وفاة واحدة كحصيلة يومية لكوفيد,28 مارس 2022,17:03
كوفيد 19.. 51 إصابة جديدة وأزيد من 6 ملايين و98,27 مارس 2022,17:09
دورة تكوينية لفائدة صحافيين بتطوان حول الإسعافات الأولية,26 مارس 2022,20:34
الدار البيضاء.. منتدى علمي حول دور التكنولوجيا في النهوض بالمنتجات,26 مارس 2022,18:16
تسجيل 77 إصابة جديدة وتعافي 65 شخصا كحصيلة يومية لكوفيد,25 مارس 2022,17:32
تسجيل 73 إصابة وحالة وفاة واحدة كحصيلة يومية لكوفيد 19,24 مارس 2022,17:12
الحكومة المغربية … تمديد حالة الطوارئ الصحية,24 مارس 2022,13:42
مؤسسة محمد الخامس للتضامن تستأنف حملاتها الطبية بطانطان,24 مارس 2022,10:05
تسجيل 60 إصابة جديدة و حالتي وفاة كحصيلة يومية لكوفيد,23 مارس 2022,18:01
مجموعة أكديطال تطلق كتابها الأبيض منهجية أكديطال بالدار البيضاء,23 مارس 2022,13:04
الحصيلة اليومية : 87 إصابة جديدة و حالة وفاة واحدة,22 مارس 2022,17:12
تسجيل انخفاض في معدل انتشار العدوى بالمغرب,21 مارس 2022,17:53
كوفيد-19 .. 53 إصابة جديدة وحالة وفاة واحدة خلال ال24,20 مارس 2022,17:29
كوفيد … تسجيل 70 إصابة جديدة وحالة وفاة واحدة خلال,19 مارس 2022,18:04
افتتاح أشغال المؤتمر الوطني السادس لفدرالية الأطباء العامين,18 مارس 2022,19:29
كوفيد 19 : إصابة 52 شخصا و تعافي 83 آخرين,18 مارس 2022,17:06
الحصيلة الوبائية اليومية : إصابة 34 شخصا وتعافي 75 مريضا,17 مارس 2022,19:22
الحصيلة الوبائية اليومية : إصابة 34 شخصا وتعافي 75 مريضا,17 مارس 2022,18:42
إسرائيل … اكتشاف سلالة جديدة من فيروس كورونا,16 مارس 2022,20:57
تسجيل 52 إصابة جديدة و حالتي وفاة كحصيلة يومية لكوفيد,16 مارس 2022,18:12
عبد الكريم مزيان بلفقيه : تظافر جهود مختلف الفاعلين سيساهم,15 مارس 2022,18:12
الحصيلة الوبائية لكوفيد 19 : 111 إصابة جديدة و تعافي,15 مارس 2022,17:16
انطلاق النسخة الرابعة من حملة التبرع بالدم دمي هو دمك,15 مارس 2022,16:34
وزارة الصحة تؤكد أن الوضع الوبائي في المغرب مستقر حاليا,15 مارس 2022,13:56
الحصيلة اليومية : 29 إصابة جديدة و أربع حالات وفاة,14 مارس 2022,16:59
كوفيد 19 : 56 إصابة جديدة وأزيد من 5 ملايين,13 مارس 2022,17:27
السلطات الصينية تفرض إغلاق جزئي في مدينة جيلين جراء الإصابات,13 مارس 2022,10:04
الحالة الوبائية بالمغرب .. 60 إصابة جديدة خلال الـ 24,12 مارس 2022,16:26
الصحة والعلوم البيوطبية .. محور أشغال الأيام العلمية بفاس,12 مارس 2022,14:18
تراجع ملحوظ في حصيلة إصابات ووفيات كوفيد 19 بالمغرب,11 مارس 2022,17:00
تسليط الضوء بكيغالي على تجربة المغرب الناجحة في مجال مكافحة,10 مارس 2022,19:59
وزارة الصحة وصندوق الأمم المتحدة للسكان يجددان شراكاتهما,10 مارس 2022,19:40
الحصيلة اليومية : 77 إصابة جديدة و حالة وفاة واحدة,10 مارس 2022,18:07
بعد شهرين .. وفاة أول مريض خضع لعملية زرع قلب,9 مارس 2022,19:07
انخفاض حصيلة الإصابات اليومية بفيروس كوفيد 19 بالمغرب,9 مارس 2022,17:35
حملة طبية بالعرائش للكشف المبكر عن سرطان الثدي وسرطان عنق,8 مارس 2022,22:22
الحصيلة اليومية : 78 إصابة جديدة وسبع حالات وفاة بكوفيد,8 مارس 2022,17:25
نجاح عملية دقيقة على مستوى العمود الفقري بالمستشفى الإقليمي الإدريسي,8 مارس 2022,12:09
حصيلة .. تراجع إصابات ووفيات كوفيد 19 بالمملكة المغربية,7 مارس 2022,18:14
افتتاح دار التضامن لمرضى الزهايمر بالدار البيضاء,7 مارس 2022,15:32
المغرب :60 إصابة جديدة بكورونا وأزيد من 5 ملايين و831,6 مارس 2022,17:22
اختفاء خلايا النحل … الحالة الصحية و قلة التساقطات قد,5 مارس 2022,19:22
الحصيلة الوبائية اليومية : 114 إصابة جديدة و ثلاثة وفيات,4 مارس 2022,17:25
توقيع اتفاقية شراكة بين لابروفان ومؤسسة ماسير للبحث التطبيقي,4 مارس 2022,17:06
الحصيلة اليومية : 102 إصابة جديدة و أربع وفيات بكوفيد,3 مارس 2022,17:53
المركز الاستشفائي الإقليمي لالة عائشة بتمارة يفتح أبوابه غدا,3 مارس 2022,16:13
وزارة الصحة تؤكد أن الجائحة لا تزال مستمرة رغم نهاية,2 مارس 2022,18:24
كوفيد 19 : 159 إصابة و ثمان وفيات خلال الـ,2 مارس 2022,17:27
حملة التبرع بالدم في طنجة .. مبادرة لتكريس مبادئ التضامن,2 مارس 2022,11:56
الحصيلة اليومية : 156 إصابة جديدة وست وفيات بكوفيد 19,1 مارس 2022,17:11
رسميا : انتهاء موجة أوميكرون في المغرب,1 مارس 2022,13:18
الحصيلة اليومية : 83 إصابة جديدة وعشر وفيات بكوفيد 19,28 فبراير 2022,16:51
تلقي 527 ألفا و844 شخصا للجرعة الثالثة بجهة بني ملال,28 فبراير 2022,15:12
المركز الاستشفائي مولاي يوسف .. معلمة جديدة لتعزيز المنظومة الصحية,28 فبراير 2022,12:26
الحمى الروماتيزمية .. موضوع حملة وطنية للتوعية والتحسيس,28 فبراير 2022,11:44
حصيلة كوفيد … 142 إصابة جديدة و 5 ملايين و700,27 فبراير 2022,16:58
المركز الاستشفائي مولاي يوسف بالرباط يفتتح أبوابه الاثنين المقبل,26 فبراير 2022,18:27
تسجيل 188 إصابة جديدة وأزيد من 5 ملايين و698 ألف,26 فبراير 2022,16:38
مؤتمر التكوين والابتكار في مجال المحاكاة الطبية في نسخته الأولى,26 فبراير 2022,05:30
259 إصابة جديدة وأزيد من 5 ملايين و689 ألف ملقحون,25 فبراير 2022,16:49
العدالة اللقاحية .. بين دول تلقت ثلاث جرع وأخرى لم,25 فبراير 2022,12:48
توقيع اتفاق بين الحكومة وجميع نقابات قطاع الصحة,24 فبراير 2022,21:26
الحصيلة اليومية : 362 إصابة جديدة و14 حالة وفاة بكوفيد,24 فبراير 2022,16:50
المغرب : احتمالية العودة للحياة الطبيعية في الأيام المقبلة,24 فبراير 2022,12:55
الحصيلة اليومية : 357 إصابة جديدة و 16 حالة وفاة,23 فبراير 2022,17:47
الحصيلة اليومية : 427 إصابة جديدة بفيروس كوفيد 19 و,22 فبراير 2022,17:07
الدار البيضاء : إعطاء انطلاقة خدمات قسم الطب النفسي,22 فبراير 2022,15:48
معنى انتقال المغرب إلى المستوى الأخضر من انتشار العدوى,22 فبراير 2022,11:54
معاذ المرابط : المغرب يتجه إلى المستوى الأخضر من انتشار,21 فبراير 2022,18:28
خالد آيت طالب يتفقد ورش بناء المستشفى الإقليمي للقنيطرة,21 فبراير 2022,18:14
الحصيلة اليومية بالمغرب : 190 إصابة جديدة و22 حالة وفاة,21 فبراير 2022,17:41
تسجيل 524 إصابة جديدة و11 وفاة بكوفيد خلال ال24 ساعة,19 فبراير 2022,16:52
الصين تحظر اتخاذ إجراءات مفرطة للسيطرة على الوباء,19 فبراير 2022,07:03
الحصيلة اليومية لكوفيد 19 : 508 إصابة جديدة و15 حالة,18 فبراير 2022,17:04
تسجيل 636 إصابة جديدة وأزيد من خمسة ملايين و376 ألف,17 فبراير 2022,17:49
في سابقة من نوعها .. اختراع جهاز مغربي لمراقبة أمراض,17 فبراير 2022,13:29
كوفيد 19 .. 645 إصابة جديدة و13 حالة وفاة في,16 فبراير 2022,17:56
الحصيلة الوبائية اليومية بالمغرب : 822 إصابة جديدة و18 حالة,15 فبراير 2022,17:24
الحصيلة الوبائية اليومية : 369 إصابة جديدة و 21 حالة,14 فبراير 2022,17:14
نتائج استفتاء حظر إعلانات التبغ و التجارب على البشر في,13 فبراير 2022,17:25
النشرة اليومية الوبائية بالمغرب: 634 إصابة و15 وفاة جديدة بـ,13 فبراير 2022,16:30
أمازون تتوعد مستخدميها غير الملقحين بعقوبات,13 فبراير 2022,15:31
مجلس عمالة الرباط يعبر عن انخراطه الكلي في استكمال مسار,13 فبراير 2022,11:41
تسجيل 969 إصابة و19 وفاة جديدة بـكورونا في 24 ساعة,12 فبراير 2022,17:12
طنجة تفتتح أولى نسخ المعرض العلمي المتوسطي للصيدلة,11 فبراير 2022,23:05
الحصيلة الوبائية اليومية : 1148 إصابة جديدة و20 حالة وفاة,11 فبراير 2022,16:53
كوفيد 19 … وزارة الصحة تعتزم إعادة النظر في التدابير,11 فبراير 2022,14:33
كوفيد 19 : تسجيل 1333 إصابة و29 وفاة خلال الـ24,10 فبراير 2022,16:56
الحصيلة الوبائية اليومية : 1499 إصابة جديدة و41 حالة وفاة,9 فبراير 2022,17:15
عواطف حيار : التغطية الاجتماعية ورش ملكي يشمل جميع المغاربة,9 فبراير 2022,10:08
حصيلة .. أزيد من 400 ألف مصاب بالصرع في المغرب,8 فبراير 2022,22:01
المغرب : تسجيل 1618 إصابة و40 وفاة جديدة بـكورونا في,8 فبراير 2022,16:41
دورات تكوينية حول كيفية التعامل مع داء السكري بالرشيدية,8 فبراير 2022,16:01
رصد متحور سريع من فيروس نقص المناعة البشرية الإيدز,7 فبراير 2022,22:17
كورونا:تسجيل 1202 إصابة جديدة و 18 وفاة خلال الـ24 ساعة,6 فبراير 2022,17:05
تسجيل 2067 إصابة و35 وفاة جديدة بفيروس كورونا في 24,5 فبراير 2022,17:16
الوفيات جراء فيروس كورونا في الولايات المتحدة الأمريكية تتجاوز الـ900,5 فبراير 2022,05:05
لوكسمبورغ تعلن تخفيف القيود المفروضة بسبب كورونا,4 فبراير 2022,23:52
دراسة حول تأثير كورونا على التمويل والولوج إلى علاج السرطان,4 فبراير 2022,22:27
عاجل : البروتوكول الصحي للرحلات البحرية والجوية من وإلى المملكة,4 فبراير 2022,15:48
حصيلة كوفيد19 لليوم : 2266 إصابة جديدة و25 وفاة,4 فبراير 2022,07:31
الحصيلة الوبائية اليومية : 2861 إصابة جديدة و51 وفاة,3 فبراير 2022,17:56
الحصيلة الوبائية اليومية : 3051 إصابة جديدة و29 وفاة,2 فبراير 2022,17:21
اكتشاف متحورة فرعية جديدة من أوميكرون,2 فبراير 2022,09:39
حصيلة كوفيد اليومية : 3080 إصابة جديدة و35 وفاة,1 فبراير 2022,17:37
اشادة دولية بالمغرب في تصنيع لقاحات مضادة لكوفيد 19,31 يناير 2022,22:02
وزارة الصحة والحماية الاجتماعية تسجل 1321 إصابة جديدة مؤكدة بفيروس,31 يناير 2022,16:51
كوفيد 19 .. وراء إغلاق 159 مؤسسة تعليمية بالمغرب,31 يناير 2022,12:41
المغرب : تسجيل 2255 إصابة جديدة و34 وفاة خلال الـ24,30 يناير 2022,17:02
هيئة الأدوية الأوروبية توصي باستخدام عقار فايزر الجديد,30 يناير 2022,15:12
الاشراف الملكي على الأوراش اللقاحية أساس للأمن الاستراتيجي للمملكة المغربية,30 يناير 2022,12:02
خالد آيت الطالب يدشن المركز الاستشفائي الإقليمي بالدريوش,29 يناير 2022,19:50
المغرب يتسلم 1.6 مليون جرعة لقاح فايزر من الولايات المتحدة,29 يناير 2022,17:54
المغرب : 28 وفاة و 4154 إصابة جديدة خلال الـ24,29 يناير 2022,17:05
تقليص مدة الرخصة المرضية للأطر الصحية المصابين بكوفيد19,29 يناير 2022,11:17
كندا تجتاز ذروة الموجة الخامسة من جائحة كوفيد 19,29 يناير 2022,05:22
سمير مشهور : المغرب سيصبح فاعلا أساسيا دوليا في مجال,28 يناير 2022,22:58
الحصيلة الوبائية المغربية : 4899 إصابة جديدة و30 وفاة,28 يناير 2022,17:00
إطلاق أول اختبار تشخيصي لداء السل مغربي الصنع,28 يناير 2022,14:44
أوروبا … استخدام أول عقار يمكن تناوله عن طريق الفم,28 يناير 2022,09:00
رصد سلالة مميتة من إنفلونزا الطيور بدولة ناميبيا,28 يناير 2022,05:55
المغرب رائد دولي في مواجهة الأزمة الصحية و تدبير جائحة,27 يناير 2022,21:34
خالد آيت الطالب : المغرب سيحقق السيادة اللقاحية والصحية,27 يناير 2022,20:19
الملك محمد السادس يترأس إطلاق أشغال إنجاز مصنع لتصنيع اللقاحات,27 يناير 2022,18:52
الحصيلة الوبائية بالمغرب : 5560 إصابة جديدة و33 وفاة,27 يناير 2022,17:12
الحصيلة الوبائية اليومية بالمغرب : 7002 إصابة جديدة و36 وفاة,26 يناير 2022,17:23
الحصيلة الوبائية اليومية : 6362 إصابة جديدة و34 وفاة,25 يناير 2022,17:16
حصيلة كوفيد اليومية .. 2750 إصابة جديدة و 35 وفاة,24 يناير 2022,17:31
معاذ المرابط : بلوغ ذروة الإصابات بكوفيد19 خلال الأسبوع الماضي,24 يناير 2022,16:32
منظمة الصحة: أوميكرون ينبئ بنهاية محتملة لوباء كورونا,23 يناير 2022,21:02
4435 إصابة جديدة بكورونا بالمغرب و19 وفاة خلال 24 ساعة,23 يناير 2022,16:50
أوميكرون في صنفه الفرعي يستدعي اليقظة أكثر من القلق,22 يناير 2022,23:10
إحداث المركز الصحي أم كلثوم – الولاء بالدار البيضاء,22 يناير 2022,17:00
كبار السن الغير الملقحين معرضون لخطر دخول المستشفى 50 مرة,21 يناير 2022,20:22
كوفيد 19 : 8338 إصابة جديدة و35 وفاة,21 يناير 2022,17:33
ضغط الدم لا يرتبط بالكوليسترول,20 يناير 2022,22:56
كوفيد 19 : 9061 إصابة جديدة و 22 حالة وفاة,20 يناير 2022,16:57
الولايات المتحدة تسلم المغرب تجهيزات و معدات طبية,20 يناير 2022,15:40
الحصيلة الوبائية اليومية : 9355 إصابة جديدة و13 حالة وفاة,19 يناير 2022,17:27
كوفيد 19 : 7756 إصابة جديدة و18 حالة وفاة,18 يناير 2022,17:13
ابن جرير : وحدة طبية متنقلة لتطعيم المواطنين ضد فيروس,17 يناير 2022,17:48
الحصيلة اليومية لكوفيد 19,17 يناير 2022,17:33
نيوزيلندا تطلق حملة لتلقيح الأطفال من 5 إلى 11 سنة,17 يناير 2022,14:55
الصين : الجرعة الثالثة للقاح كوفيد 19 تقلل معدلات الإصابة,17 يناير 2022,10:31
الإكوادور تعلن حالة التأهب الحمراء بسبب أوميكرون,17 يناير 2022,06:29
مؤشرات مشجعة قد تؤدي إلى رفع القيود الصحية في انجلترا,17 يناير 2022,05:29
5428 إصابة جديدة و13 حالة وفاة خلال ال24 ساعة الأحيرة,16 يناير 2022,17:03
آلية “كوفاكس” تنهي توزيع “أول مليار” جرعة من اللقاحات المضادة,16 يناير 2022,13:44
المعهد العالي للصحة في إيطاليا: الجرعة المعززة تحد من أعراض,16 يناير 2022,09:54
تسجيل 8826 إصابة بفيروس كوفيد 19 بالمغرب,15 يناير 2022,16:42
كوفيد-19..كندا مقبلة على ذروة أوميكرون خلال الشهرين القادمين,15 يناير 2022,07:11
اليابان تختبر لأول مرة الخلايا الجذعية لعلاج إصابات العمود الفقري,14 يناير 2022,17:28
كوفيد 19 : تسجيل 8501 إصابة جديدة وأزيد من 3,14 يناير 2022,17:09
رواندا ستتلقى أربعة ملايين جرعة من اللقاح من الصين,14 يناير 2022,15:21
منظمة الصحة العالمية توافق على علاجين جديدين لمرضى كوفيد 19,14 يناير 2022,10:20
مراكش : مستشفى ميداني لتعزيز جهود التصدي لفيروس كوفيد 19,13 يناير 2022,18:00
الحصيلة الوبائية اليومية: 8338 إصابة جديدة وعشر وفيات,13 يناير 2022,17:17
الفدرالية المغربية لصناعة الأدوية: لا يوجد أي انقطاع في إنتاج,13 يناير 2022,17:08
طوكيو : عودة حالة التأهب الخاصة بكورونا,13 يناير 2022,11:13
منظمة الصحة العالمية تنظر اليوم في مسألة تمديد حالة الطوارئ,13 يناير 2022,11:06
منظمة الصحة العالمية ..المتحور “أوميكرون” خطير على غير الملقحين,13 يناير 2022,10:05
عاجل : الوضعية الوبائية بالمؤسسات التعليمية بالمغرب,12 يناير 2022,11:45
روسيا: إصابات كورونا قد تزيد 6 مرات بسبب أوميكرون,12 يناير 2022,10:20
وكالة الأدوية الأوروبية… أوميكرون سينهي المرحلة الوبائية لكورونا,12 يناير 2022,09:01
بلاغ وزارة الصحة حول المخزون الوطني لأدوية البروتوكول العلاجي لكوفيد,11 يناير 2022,19:16
تسجيل 7336 إصابة جديدة وأزيد من ثلاثة ملايين و540 ألف,11 يناير 2022,16:41
نسخ من لقاح فايزر لمتحور “أوميكرون” ستكون جاهزة في مارس,11 يناير 2022,05:01
المرابط: الموجة الثالثة، “جد سريعة ” مع مدة تضاعف قدرها,10 يناير 2022,20:26
تسجيل 2622 إصابة جديدة وأزيد من ثلاثة ملايين و525 ألف,10 يناير 2022,17:12
عدد حالات الإصابة بكوفيد 19 في إفريقيا يتجاوز 10 ملايين,10 يناير 2022,00:44
مظاهرات في بروكسيل ضد القيود الصحية لكوفيد 19,9 يناير 2022,18:42
تسجيل 4963 إصابة وأزيد من ثلاثة ملايين و430 ألف ملقحين,9 يناير 2022,17:51
فرنسا … تعبئة أكبر ضد الشهادة الصحية والتلقيح,9 يناير 2022,07:58
كورونا … تسجيل 7064 إصابة و8 وفيات جديدة في 24,8 يناير 2022,16:18
كوفيد …المغرب يرخص الاستعمال الاستعجالي لدواء “مولنوبيرافير”,8 يناير 2022,09:17
هولندا تسجل حصيلة قياسية جديدة للإصابات بكورونا,8 يناير 2022,09:04
ألمانيا تفرض قيودا جديدة على رواد المطاعم والمقاهي,7 يناير 2022,21:51
حصيلة كوفيد .. 6428 إصابة و13 وفاة خلال 24 ساعة,7 يناير 2022,16:46
منظمة الصحة العالمية: أوميكرون لن يكون المتحور الأخير لكورونا,7 يناير 2022,09:04
حصيلة كورونا بالمغرب خلال 24 ساعة,6 يناير 2022,17:42
كورونا تتسبب بإغلاق مدرسة للبعثة الفرنسية بالرباط,6 يناير 2022,11:30
استشارات الطب النفسي تصل إلى مستوى قياسي في بلجيكا,5 يناير 2022,23:37
تقرير :السجائر بالمغرب تحتوي على نسبة مواد سامة أعلى من,5 يناير 2022,19:59
الوضع الوبائي : 5618 إصابة بفيروس كوفيد19,5 يناير 2022,16:50
منظمة الصحة: أوميكرون يبقى في الحنجرة ولا يصل إلى الرئة,5 يناير 2022,09:15
ألمانيا.. 21 طفلا تلقوا جرعة خاطئة من لقاح كورونا,4 يناير 2022,23:19
توقعات بتجاوز إصابات “كورونا” 6 آلاف حالة يوميا,4 يناير 2022,18:05
أوميكرون …تسجيل أول حالة وفاة بالمتحور الجديد بالمغرب,4 يناير 2022,13:20
حصيلة كورونا: 885 إصابة و7 وفيات خلال 24 ساعة,3 يناير 2022,16:56
بوريس جونسون يطالب بوضع خطة للتعامل مع التغيب عن العمل,3 يناير 2022,10:44
1357 إصابة جديدة وأزيد من ثلاثة ملايين من الملقحين بالجرعة,2 يناير 2022,17:13
تقليص مدة العزل لمصابي كورونا بفرنسا,2 يناير 2022,12:04
إجراءات جديدة بفرنسا : إلزامية وضع الكمامة للأطفال,2 يناير 2022,11:19
السيد آيت الطالب يشيد بجهود موظفي وزارة الصحة خلال الأزمة,1 يناير 2022,18:27
منظمة الصحة العالمية تأمل في القضاء على كوفيد-19 خلال 2022,1 يناير 2022,09:57
جهة الدار البيضاء -سطات تدعو الاشتغال عن بعد كلما توفرت,31 دجنبر 2021,22:05
تفشي سريع للإنفلونزا الطيور في أوروبا,31 دجنبر 2021,17:43
فلورونا.. مرض مزدوج جديد يظهر في العالم,31 دجنبر 2021,16:45
النشرة اليومية : 2034 إصابة جديدة و 5 وفيات خلال,31 دجنبر 2021,16:37
دراسة: لقاح “جونسون آند جونسون” فعال بنسبة 85 في المائة,31 دجنبر 2021,10:54
الولايات المتحدة..تسريح 206 أفراد من قوات المارينز بسبب رفض التلقيح,31 دجنبر 2021,07:52
توقيع بروتوكول اتفاق لتصنيع المنتجات الطبية,30 دجنبر 2021,20:33
السرطان و الإيدز يسجلان وفيات كبيرة بالمغرب,30 دجنبر 2021,18:42
1960 إصابة جديدة وأزيد من مليونين و 932 ألف ملقح,30 دجنبر 2021,17:28
حملة للتبرع بالدم في الحسيمة,30 دجنبر 2021,16:16
قرار جديد بخصوص الجرعة الثالثة ضد كورونا,30 دجنبر 2021,15:55
تكوين خبراء مغاربة لمراقبة جودة اللقاحات,30 دجنبر 2021,15:33
خبير: انتشار أوميكرون يهدد بشلّ الإنعاش والعناية المركزة,30 دجنبر 2021,14:31
فرنسا ستفرض غرامة على الشركات الغير ملتزمة بالعمل عن بعد,30 دجنبر 2021,13:40
فرنسا تفرض ارتداء الكمامات في شوارع باريس,30 دجنبر 2021,12:18
منظمة الصحة العالمية تحذر من “تسونامي” إصابات بكوفيد-19,30 دجنبر 2021,10:50
تقليص المدة بين الجرعة الثانية والثالثة يمنح حماية أفضل ضد,29 دجنبر 2021,23:14
وزارة الصحة : تلقي الجرعة المعززة من اللقاح أصبح ممكنا,29 دجنبر 2021,19:14
المغرب : تسجيل 1504 إصابة جديدة بفيروس كوفيد 19,29 دجنبر 2021,17:20
عاجل – فرنسا تسجل أكثر من 200 ألف إصابة جديدة,29 دجنبر 2021,16:04
تسجيل أول حالة وفاة بالمتحور “اوميكرون” في المغرب,29 دجنبر 2021,15:53
إصابة 3 لاعبين جدد في صفوف برشلونة بفيروس كورونا,29 دجنبر 2021,12:49
كوريا الجنوبية تمدد الحظر المفروض على دخول الأجانب القادمين من,29 دجنبر 2021,10:51
“آبل” تغلق متاجرها جزئيا بسبب ارتفاع حالات كورونا,29 دجنبر 2021,10:00
توقيع بروتوكول اتفاق لتحفيز التصنيع المحلي للمنتجات الطبية,28 دجنبر 2021,22:11
كوفيد : 1184 إصابة جديدة ونحو مليونين و800 ألف من,28 دجنبر 2021,16:55
بلجيكا.. أوميكرون يمثل 60 في المائة من حالات الإصابة بكورونا,28 دجنبر 2021,16:29
إندونيسيا تعلن تسجيل أول إصابة محلية بمتحور أوميكرون,28 دجنبر 2021,12:35
السلطات الصحية الأمريكية تقلص فترة الحجر الصحي بكوفيد-19 إلى 5,28 دجنبر 2021,10:37
الأمم المتحدة.. غوتيريش يدعو إلى تضامن وطيد للتصدي للأوبئة,27 دجنبر 2021,23:19
الجرعة الثالثة من أسترازينيكا تعزز مستويات الأجسام المضادة ضد “أوميكرون”,27 دجنبر 2021,18:25
آيت الطالب: المغرب مستعد لمواجهة متحور “أوميكرون” في حال حدوث,27 دجنبر 2021,18:06
291 إصابة جديدة وأزيد من مليونين و738 ألف من الملقحين,27 دجنبر 2021,17:11
أستراليا تسجل أول حالة وفاة بالمتحور أوميكرون,27 دجنبر 2021,13:12
دراسة: فيروس كورونا قد يظل نشطا في أعضاء الجسم,27 دجنبر 2021,10:44
السعودية .. اشتراط الجرعة الثالثة لدخول المنشآت,27 دجنبر 2021,09:33
الهند تعتزم تلقيح المراهقين البالغين 15 عاما وما فوق ضد,26 دجنبر 2021,21:03
كوفيد 19 .. تسجيل 532 إصابة جديدة وحالة وفاة خلال,26 دجنبر 2021,18:05
البرتغال.. المتحور أوميكرون أضحى هو المهيمن في البلاد,25 دجنبر 2021,20:29
كوفيد 19.. اليابان ترخص لاستخدام دواء يتم تناوله عن طريق,25 دجنبر 2021,18:46
ارتفاع عدد الاصابات بكورونا وأزيد من مليونين و نصف من,25 دجنبر 2021,16:46
تصنيع لقاح كوفيد-19.. دينامية جديدة للتعاون المغربي الصيني زمن الوباء,25 دجنبر 2021,14:25
النمسا توصي بجرعة رابعة من لقاحات كورونا لموظفي الرعاية الصحية,25 دجنبر 2021,13:04
فرنسا تسجل حصيلة قياسية تفوق 94 ألف حالة إصابة جديدة,25 دجنبر 2021,10:45
تسجيل أكبر حصيلة لكورونا في بريطانيا,24 دجنبر 2021,22:46
حملة طبية جراحية لساكنة تارودانت,24 دجنبر 2021,20:27
654 إصابة جديدة وأزيد من مليونين و655 ألف من الملقحين,24 دجنبر 2021,17:44
السلطات المغربية تمدد تعليق الرحلات الجوية إلى 31 يناير 2022,24 دجنبر 2021,12:38
أسترازينيكا تؤكد أن جرعة ثالثة من لقاحها فعالة ضد أوميكرون,24 دجنبر 2021,10:30
أكثر من 215 ألف شخص في قطر تلقوا الجرعة الثالثة,24 دجنبر 2021,10:05
مؤسسة محمد الخامس للتضامن .. حملة طبية جراحية كبرى بإقليم,23 دجنبر 2021,21:01
حصيلة كورونا بالمغرب ليوم الخميس 23 دجنبر 2021,23 دجنبر 2021,17:50
الحكومة تعلن عن إصابات جديدة محتملة بأوميكرون,23 دجنبر 2021,16:43
سلا: إغلاق مدرستين بعد تسجيل اصابات بكورونا,23 دجنبر 2021,15:12
تدابير متشددة وسط انتشار أوميكرون في أوروبا,23 دجنبر 2021,14:41
أسترازينيكا : جرعة ثالثة تزيد بشكل كبير الأجسام المضادة لمواجهة,23 دجنبر 2021,10:35
بريطانيا: نسبة الاستشفاء بسبب أوميكرون أقل من دلتا,23 دجنبر 2021,10:07
غانا تتلقى مليون جرعة إضافية من لقاح جونسون آند جونسون,23 دجنبر 2021,09:45
متحور “أوميكرون” ظهر في 14 دولة بالشرق المتوسط,22 دجنبر 2021,19:17
كوفيد 19: الحصيلة اليومية للإصابات وعدد المستفدين من التلقيح,22 دجنبر 2021,17:13
عقار “إيفوشيلد” يحتفظ بفعالية التحييد ضد متحوّر “أوميكرون”,22 دجنبر 2021,16:03
فرنسا : الشروع في تطعيم الاطفال بين سن الخامسة و,22 دجنبر 2021,13:24
بطولة اسبانيا .. تسجيل حالات إصابة بكورونا في صفوف فريق,22 دجنبر 2021,13:20
إسرائيل تقدم جرعة لقاح رابعة بسبب اوميكرون,22 دجنبر 2021,10:35
إغلاق ثانوية بسبب المتحور دلتا بالعاصمة الرباط,22 دجنبر 2021,09:58
تجويد الخدمات الاستشفائية لصالح المنتمين لأسرة المقاومة,21 دجنبر 2021,19:47
الصحة العالمية تمنح موافقة طارئة للقاح “نوفافاكس” الأمريكي ضد فيروس,21 دجنبر 2021,19:05
المكسيك: تسجيل أول 23 إصابة بمتحور أوميكرون,21 دجنبر 2021,18:18
الصندوق الوطني للضمان الاجتماعي: إطلاق خدمة إلكترونية للاستفادة من التعويضات,21 دجنبر 2021,17:58
المغرب: تزايد عدد الإصابات بكوفيد 19 مع انخفاض عدد الوفيات,21 دجنبر 2021,17:14
ارتفاع مهول في عدد الإصابات “بكورونا” بالمملكة العربية السعودية,21 دجنبر 2021,15:35
ورزازات : 260 مستفيدا من حملة طبية لفائدة ساكنة جماعة,21 دجنبر 2021,11:50
تسجيل أول خمس حالات إصابة من متحور أوميكرون بالتوغو,21 دجنبر 2021,11:10
كولومبيا تسجل أول ثلاث إصابات بالمتحور أوميكرون,21 دجنبر 2021,06:45
تحقيق المناعة الكافية ضد أوميكرون رهين بأخذ الجرعة الثالثة,20 دجنبر 2021,22:11
الوكالة الأوروبية للأدوية تجيز لقاح نوفافاكس المضاد لكوفيد,20 دجنبر 2021,18:10
102 إصابة جديدة وأزيد من مليونين و390 ألف من الملقحين,20 دجنبر 2021,17:11
تايلاند توافق على استخدام لقاح “فايزر” للأطفال من 5 إلى,20 دجنبر 2021,13:36
السعودية: إصابات “أوميكرون” بلغت 5.4 في المئة,20 دجنبر 2021,11:01
بريطانيا تعلن تسجيل 12 وفيات بمتحور “أوميكرون”,20 دجنبر 2021,10:25
خبراء ألمان يدعون إلى مزيد من التدابير مع تفشي متحور,19 دجنبر 2021,21:50
186 إصابة جديدة وأزيد من مليونين من الملقحين بالجرعة الثالثة,19 دجنبر 2021,17:09
ألمانيا تدرج المملكة المتحدة على قائمة البلدان عالية درجة الخطورة,19 دجنبر 2021,11:02
السعودية توصي مواطنيها بتجنب السفر خارج البلاد,19 دجنبر 2021,10:05
230 إصابة جديدة وأزيد من مليونين و299 ألف من الملقحين,18 دجنبر 2021,17:04
أكثر من 81 في المائة من سكان الكويت تلقوا جرعتي,18 دجنبر 2021,14:35
توضيحات مهمة للبروفيسور مولاي سعيد عفيف حول أوميكرون,18 دجنبر 2021,13:14
مصر تعلن اكتشاف أول ثلاث حالات إصابة بمتحور “أوميكرون”,18 دجنبر 2021,11:22
حظر التجول ليلا على غير الملقحين ضد كورونا خلال الاحتفالات,18 دجنبر 2021,10:45
كبير الخبراء الأمريكيين يحذر من خطر أوميكرون,17 دجنبر 2021,18:45
إصابات جديدة وأزيد من مليونين و280 ألف من الملقحين بالجرعة,17 دجنبر 2021,17:17
فايزر تجني أرباحا طائلة بفضل انجازاتها ضد كوفيد 19,17 دجنبر 2021,11:45
مجموعة السبع: أوميكرون “أكبر خطر” صحي راهن في العالم,17 دجنبر 2021,06:24
4 وفيات و205 إصابات بكوفيد-19 خلال 24 ساعة الماضية,16 دجنبر 2021,18:00
التلقيح هو الحل لمواجهة المتحورات وفق المعهد الوطني للصحة,16 دجنبر 2021,16:20
أكثر من 85 في المائة من سكان قطر تلقوا جرعتي,16 دجنبر 2021,16:08
المتحور الذي ظهر بالدار البيضاء محلي حسب السيد بايتاس,16 دجنبر 2021,15:41
كوريا الجنوبية تشدد الإجراءات الصحية لمكافحة ارتفاع الإصابة بفيروس كورونا,16 دجنبر 2021,11:10
شيشاوة .. تدشين ثلاث قاعات دراسية بالوحدة المدرسية “المهد” بمركز,15 دجنبر 2021,20:30
الحصيلة اليومية لكوفيد : لا وفيات و221 إصابة خلال 24,15 دجنبر 2021,16:43
إصابة نجمي ريال مدريد بفيروس كورونا,15 دجنبر 2021,14:38
عاجل … أول إصابة بأوميكرون في المغرب,15 دجنبر 2021,14:17
منظمة الصحة: أوميكرون تنتشر بوتيرة غير مسبوقة,15 دجنبر 2021,13:52
حملة التلقيح بفاس مكناس: تلقي أزيد من 6 ملايين جرعة,15 دجنبر 2021,13:32
وزارة الصحة تدعو للعودة السريعة إلى التدابير الوقائية واستكمال التلقيح,14 دجنبر 2021,22:50
حصيلة الحالة الوبائية بالمغرب ليوم الثلاثاء,14 دجنبر 2021,16:50
العقار الجديد لفايزر في مراحله الأخيرة,14 دجنبر 2021,16:31
الصين :800 ألف جرعة من لقاح سينوفارم المضاد لكوفيد 19,14 دجنبر 2021,16:26
كوريا الجنوبية.. رقم قياسي جديد في وفيات كوفيد 19,14 دجنبر 2021,06:02
الصين تسجل أول حالة إصابة بمتحور أوميكرون,14 دجنبر 2021,05:05
فرنسا تمنح الغابون 101 ألف جرعة من لقاح موديرنا,13 دجنبر 2021,22:05
تايلاند…تقليص المدة الفاصلة بين الجرعة الثانية و الثالثة لثلاث أشهر,13 دجنبر 2021,20:36
مستجدات الحالة الوبائية بالمملكة المغربية,13 دجنبر 2021,16:59
اليابان : تلقي الجرعة الثالثة في أماكن العمل و الجامعات,13 دجنبر 2021,15:20
قرض بقيمة 250 مليون دولار لفائدة الفلبين لشراء اللقاح,13 دجنبر 2021,14:54
أول حالة وفاة بمتحور أوميكرون ببريطانيا,13 دجنبر 2021,13:30
الجواز الصحي شرط أساسي لحضور التظاهرات الجماهيرية بالأرجنتين,13 دجنبر 2021,12:46
بداية تلقيح الأطفال بين 5 و 11 عاما بألمانيا,13 دجنبر 2021,10:43
إصابة رئيس جنوب إفريقيا سيريل رامافوزا بكوفيد 19,13 دجنبر 2021,09:01
بريطانيا ترفع مستوى التحذير من كوفيد بسبب المتحور أوميكرون,12 دجنبر 2021,21:01
انطلاق الحملة الوطنية للتلقيح ضد شلل الأطفال بموريتانيا,12 دجنبر 2021,19:06
معادلة شهادة اللقاح اللبناني مع شهادة الاتحاد الأوروبي الخاصة بكوفيد,12 دجنبر 2021,18:53
أزيد من 25 مليون مستفيد من كافة أنظمة التغطية الصحية,12 دجنبر 2021,17:38
النشرة اليومية لكوفيد :لا وفيات و 102 إصابة جديدة,12 دجنبر 2021,17:05
تركيا تسجل 6 إصابات بالمتحور أوميكرون,12 دجنبر 2021,15:04
إسرائيل تستعد لإعطاء الجرعة الرابعة ضد كورونا,12 دجنبر 2021,13:48
ليبيا تتطلع إلى استفادة أكثر من خبرة المغرب في مواجهته,12 دجنبر 2021,11:59
الحصيلة : 113 إصابة جديدة وأزيد من 24 مليون من,11 دجنبر 2021,17:40
وزارة العدل تشترط جواز التلقيح لولوج المحاكم,10 دجنبر 2021,17:44
إرتفاع حالات الإصابة بالمغرب جراء عدم إحترام التدابير الإحترازية,10 دجنبر 2021,17:01
عقار جديد لشركة أسترازينيكا أصبح مرخصا بالولايات المتحدة,10 دجنبر 2021,15:44
الولايات المتحدة الأمريكية تمنح موافقتها لإعطاء الجرعة الثالثة للمراهقين,10 دجنبر 2021,13:39
أزيد من 70 بالمئة من المصابين بكورونا بجنوب إفريقيا غير,10 دجنبر 2021,13:20
كوريا الجنوبية..الجرعة الثالثة السبيل الأوحد لتخفيف الإصابات,10 دجنبر 2021,11:15
الأردن ..الإعلان عن تسجيل أول حالتي إصابة بمتحور أوميكرون,10 دجنبر 2021,09:10
الهيئة الأوروبية للأدوية : الجرعة المعززة آمنة وفعالة,10 دجنبر 2021,06:40
نيوزيلندا تتخد قرارا بمنع التبغ بشكل تدريجي,9 دجنبر 2021,16:23
وزير الصحة : إغلاق الحدود ما يزال ساري المفعول,9 دجنبر 2021,14:28
منظمة الصحة العالمية تدق ناقوس الخطر بشأن إصابة الأطفال بكورونا,9 دجنبر 2021,14:17
الصين توافق على علاج ضد كوفيد 19,9 دجنبر 2021,11:01
منظمة الصحة العالمية توصي بالإستعجال بالتلقيح لمواجهة متحور فيروس كورونا,9 دجنبر 2021,10:39
وزارة الصحة المغربية تفند أخبار إعادة فتح الحدود,8 دجنبر 2021,19:27
التلوث البلاستيكي في التربة يهدد الأمن الغذائي والصحة والبيئة,8 دجنبر 2021,13:56
هل أوميكرون ينتقل عبر الهواء ؟,8 دجنبر 2021,11:57
غوتيريش يخضع للحجر الصحي بعد اجتماعه مع شخص مصاب بكورونا,8 دجنبر 2021,09:46
كوريا الجنوبية ..تتجاوز حاجز السبعة آلاف إصابة يومية بوباء كوفيد,8 دجنبر 2021,09:36
وجدة : توقيف ممرضة لتورطها في تزوير جوازات التلقيح,7 دجنبر 2021,21:21
الحصيلة اليومية لكوفيد : لا وفيات و 158 إصابة جديدة,7 دجنبر 2021,17:06
وزارة الصحة : الوضع الوبائي مستقر بالمغرب,7 دجنبر 2021,14:08
حملة للتبرع بالدم بالرباط في صفوف موظفي وزارة الداخلية,6 دجنبر 2021,19:19
لا وفيات و 52 إصابة جديدة بكوفيد-19 بالمملكة,6 دجنبر 2021,16:53
انعقاد مجلس الحكومة يوم الخميس لدراسة تطورات الجائحة على المستوى,6 دجنبر 2021,10:55
عاجل: ارتفاع حالات الإصابة المؤكدة بمتحور أوميكرون بالمملكة المتحدة,5 دجنبر 2021,22:51
زامبيا تسجل 3 حالات إصابة بمتحور أوميكرون,5 دجنبر 2021,20:33
كوفيد 19 : حالة وفاة واحدة و 90 إصابة جديدة,5 دجنبر 2021,17:23
أول إصابة مؤكدة من متحور أوميكرون في السنغال,5 دجنبر 2021,11:10
اسكتلندا تسجل حالة إصابة جديدة بمتحور أوميكرون ليرتفع الاجمالي إلى,4 دجنبر 2021,23:45
خصائص أوميكرون حسب منظمة الصحة العالمية,4 دجنبر 2021,22:49
دواء سوتروفيماب لشركة غلاسكو فعال ضد المتحور أوميكرون,4 دجنبر 2021,20:00
ارتفاع الإصابات المؤكدة بمتحور أوميكرون بالمملكة المتحدة,4 دجنبر 2021,19:41
نادي ليونس الدولي ينظم حملة للتوعية والكشف عن داء السكري,4 دجنبر 2021,17:49
الحصيلة اليومية : 3 وفيات و 127 إصابة جديدة بفيروس,4 دجنبر 2021,16:35
التحقيق مع رئيس البرازيل بسبب تصريحاته حول صلة لقاحات كورونا,4 دجنبر 2021,09:15
متحور أوميكرون : إسكتلندا تسجل 16 إصابة جديدة,4 دجنبر 2021,04:57
الحكومة : منع جميع المهرجانات والتظاهرات الثقافية والفنية,3 دجنبر 2021,21:10
لا وفيات مرتبطة بمتحور ” أوميكرون ” إلى غاية الآن,3 دجنبر 2021,17:24
تسع إصابات بسلالة أوميكرون بفرنسا,3 دجنبر 2021,12:29
خمس إصابات مؤكدة بالمتحورة أوميكرون في ولاية نيويورك,3 دجنبر 2021,05:14
أستراليا تسجل أول إصابة محلية بالمتحور أوميكرون,3 دجنبر 2021,04:56
إصابتين بالمتحور الجديد أوميكرون بالهند,3 دجنبر 2021,04:53
النشرة اليومية لكوفيد: ثلاث وفيات و135 إصابة جديدة,2 دجنبر 2021,17:03
بريطانيا توافق على علاج جديد لكوفيد 19,2 دجنبر 2021,12:57
تحديث شروط السفر من المغرب إلى فرنسا,2 دجنبر 2021,12:10
تسجيل ثلاث وفيات و171 إصابة جديدة بكوفيد 19,1 دجنبر 2021,16:53
تحسين الخدمات الصحية على صعيد إقليم آسفي,1 دجنبر 2021,14:49
الإبراهيمي يوضح مدى فعالية التلقيح لمواجهة السلالات الجديدة,1 دجنبر 2021,13:21
حملات توعوية بفاس للوقاية من داء السيدا,1 دجنبر 2021,13:06
دراسة صينية تكشف علاجا محتملا لمرض السمنة,1 دجنبر 2021,11:41
السلالة المتحورة أوميكرون تصل الى السعودية,1 دجنبر 2021,09:44
منظمة الصحة العالمية تدعو إلى المنطق من أجل السيطرة على,30 نونبر 2021,20:39
المنتخب القطري يفوز على نظيره البحريني بكأس العرب,30 نونبر 2021,20:35
وفاة واحدة و 132 إصابة جديدة حصيلة كوفيد بالمغرب,30 نونبر 2021,17:39
المغرب يستعد من أجل التصدي للمتحور الجديد أوميكرون,30 نونبر 2021,16:30
الصين : أوميكرون سيعقد تنظيم ألعاب الأولمبياد الشتوية,30 نونبر 2021,12:53
أوميكرون : فايزر تشرع في تطوير لقاح مضاد للمتحور الجديد,30 نونبر 2021,10:02
حملة للكشف المبكر عن سرطان الثدي وسرطان عنق الرحم بالمضيق,29 نونبر 2021,21:28
الرئيس الصيني يتعهد بتقديم مليار جرعة من اللقاحات للدول الإفريقية,29 نونبر 2021,17:41
خصوصيات متحور أوميكرون,29 نونبر 2021,17:07
تسجيل 53 إصابة جديدة وأزيد من 22 مليون و649 تلقوا,29 نونبر 2021,16:51
طلبة وأساتذة وأطر إدارية بنحرطون بالرباط في حملة للتبرع بالدم,29 نونبر 2021,13:24
احتمال وصول المتحورة أوميكرون الى البرتغال,29 نونبر 2021,12:58
موجة من الهلع تجتاح منطقة إفريقيا الجنوبية بسبب المتحور أوميكرون,29 نونبر 2021,12:15
أوميكرون “يمثّل خطرا مرتفعا للغاية” – منظمة الصحة العالمية,29 نونبر 2021,10:59
هل يكتشف اختبار PCR بي سي آر إصابات أوميكرون؟,29 نونبر 2021,09:51
المتحور أوميكرون: اليابان تغلق حدودها أمام جميع الزوار الأجانب,29 نونبر 2021,09:40
لندن تدعو إلى اجتماع طارئ لوزراء الصحة لبحث تطورات أوميكرون,28 نونبر 2021,23:46
أوميكرون : كندا تعلن رصد أول إصابتين بالمتحور الجديد,28 نونبر 2021,23:42
خبير أمريكي : التلقيح بجرعات معززة سيحمي من المتحور أوميكرون,28 نونبر 2021,19:09
الحصيلة اليومية لكوفيد 19 : لا وفيات و84 إصابة جديدة,28 نونبر 2021,17:14
أشغال المؤتمر السنوي للطب العام في دورته السادسة بالداخلة,28 نونبر 2021,16:53
هولندا تعلن عن 13 إصابة بالمتحور الجديد أوميكرون,28 نونبر 2021,14:05
أوميكرون : نيويورك تعلن حالة الطوارئ استعدادا لمواجهة المتحور الجديد,27 نونبر 2021,23:15
أوميكرون : رصد أول إصابة بمتحور كورونا الجديد بإيطاليا,27 نونبر 2021,21:52
أوميكرون : اكتشاف أول إصابتين بالمتحور الجديد لكورونا بألمانيا,27 نونبر 2021,21:48
فرض إجراءات جديدة على القادمين إلى المغرب,27 نونبر 2021,19:26
تفاصيل تدابير المغرب في مواجهة متحور أوميكرون,27 نونبر 2021,18:17
وفاة واحدة وإصابات كوفيد جديدة وأزيد من 22 مليون و,27 نونبر 2021,16:53
اليونان تمنح الغابون 200 ألف لقاح مضاد لكوفيد 19,27 نونبر 2021,15:42
هولندا: تسجيل 61 إصابة مؤكدة بعدوى كورونا بين مسافرين قادمين,27 نونبر 2021,11:05
منظمة التجارة العالمية ترجئ مؤتمرها الوزاري بسبب متحور أوميكرون,27 نونبر 2021,10:14
موديرنا ستطور جرعة معززة مضادة للمتحور كورونا أوميكرون,27 نونبر 2021,09:21
بسبب المتحور أوميكرون … الولايات المتحدة تغلق حدودها مع ثماني,27 نونبر 2021,05:29
أوميكرون :الاسم الجديد للمتحورة حسب منظمة الصحة العالمية,26 نونبر 2021,22:39
المغرب في صدارة الدول الإفريقية من حيث عدد المطعمين,26 نونبر 2021,18:30
وفيات و إصابات جديدة وأزيد من 22 مليون و600 ألف,26 نونبر 2021,17:21
توقيف ممرض ووسيطة في قضية تلاعب بنظام ونتائج التلقيح ضد,26 نونبر 2021,16:39
منع المسافرين القادمين من جنوب إفريقيا من ولوج التراب الوطني,26 نونبر 2021,15:09
تلقيح أزيد من 348 ألف شخص بإقليم أزيلال ضد كوفيد,26 نونبر 2021,14:00
تسجيل أول حالة إصابة بالمتحور الجديد بتل أبيب,26 نونبر 2021,12:20
بريطانيا تدق ناقوس الخطر بسبب سلالة جديدة من كورونا,26 نونبر 2021,09:25
انطلاق المؤتمر الدولي للعلوم الاجتماعية والصحة بفاس,25 نونبر 2021,20:20
المصادقة على مرسوم تطبيقي يهم التأمين الإجباري الخاص بأطباء الأسنان,25 نونبر 2021,19:05
وزارة الصحة والحماية الاجتماعية تطلق الحملة الوطنية للوقاية من الأنفلونزا,25 نونبر 2021,16:44
تركيا تتبرع بعشرة ملايين جرعة من لقاحات كورونا للدول الفقيرة,25 نونبر 2021,14:47
اختتام حملة لدعم الأطفال المصابين بالسرطان بزاكورة,25 نونبر 2021,14:27
انطلاقة حملة الفحص المجاني للكشف عن فيروس السيدا,25 نونبر 2021,14:08
تمديد حالة الطوارئ الصحية,25 نونبر 2021,13:33
تسجيل أزيد من مائة ألف وفاة جراء كوفيد-19 منذ بدء,25 نونبر 2021,12:59
ارتفاع وفيات متعاطي الجرعات الزائدة في الولايات المتحدة بسبب كورونا,24 نونبر 2021,19:40
"تسجيل 130 إصابة جديدة وأزيد من 22,5 مليون تلقوا الجرعة",24 نونبر 2021,17:43
ارتفاع حصيلة وفيات كورونا بـ 6 في المئة في العالم,24 نونبر 2021,12:59
انطلاقة النسخة الثانية للأسبوع الدولي للكشف عن السيدا,24 نونبر 2021,11:33
أزيد من 22 مليون و570 ألف تلقوا الجرعة الثانية من,23 نونبر 2021,17:39
كوفيد : تحسن الوضع الوبائي بالمملكة و الانتكاسة الوبائية في,23 نونبر 2021,14:58
الحصيلة الجديدة للإصابات بفيروس كورونا,22 نونبر 2021,16:52
مكافحة السرطان واحدة من أولويات الصحة العمومية بالمغرب,22 نونبر 2021,15:26
تطوير دواء صيني مضاد لكوفيد 19,22 نونبر 2021,10:56
انخراط التعاضدية العامة في تنزيل الورش الملكي الخاص بتعميم الحماية,21 نونبر 2021,19:05
صفر وفاة وأزيد من 22 مليون و527 ألف تلقوا الجرعة,21 نونبر 2021,17:00
الدار البيضاء خبراء ومختصون يتباحثون حول موضوع -الطبيب والعدالة-,21 نونبر 2021,12:46
موجة خامسة لكورونا بألمانيا,21 نونبر 2021,11:41
كندا : السماح للملقحين بسينوفارم دخول أراضيها,20 نونبر 2021,21:59
125 إصابة جديدة وأزيد من 22 مليون تلقوا الجرعة الثانية,20 نونبر 2021,16:38
"العراق يتلقى أكثر من 1,2 مليون جرعة لقاح ضد كورونا",20 نونبر 2021,15:49
بكين تعطي أكثر من 950 ألف جرعة لقاحات كوفيد 19,20 نونبر 2021,10:51
تعرف على فوائد الرمان,19 نونبر 2021,17:12
72 إصابة جديدة بكورونا و3 وفيات خلال الـ 24 ساعة,19 نونبر 2021,16:49
إعلان أسترازينيكا عن تجارب ناجحة لعقار مضاد لكورونا,19 نونبر 2021,15:40
حالة إغلاق بالنمسا بسبب أزمة جائحة كورونا,19 نونبر 2021,13:30
تحديد شروط الولوج إلى التراب الوطني ابتداء من 18 نونبر,19 نونبر 2021,11:35
ألمانيا تشدد القيود على غير الملقحين,19 نونبر 2021,09:05
تسليم الصين مليوني جرعة من لقاح سينوفاك لكمبوديا,18 نونبر 2021,14:59
تسجيل 148 إصابة جديدة ونحو 5، 22 مليون ملقح بالكامل,17 نونبر 2021,16:51
إغلاق المدارس في نيودلهي بسبب التلوث,17 نونبر 2021,11:00
قافلة طبية متعددة التخصصات بالداخلة,17 نونبر 2021,05:49
حالة وفاة واحدة جديدة ونحو مليون و580 ألف تلقوا الجرعة,16 نونبر 2021,17:04
ارتفاع عدد الحالات الحرجة لمصابي كورونا بكوريا الجنوبية,16 نونبر 2021,13:28
إثبات فعالية استراتيجية الصين لاحتواء وباء كوفيد-19,16 نونبر 2021,11:48
اجتماع طارئ بسبب تلوث الهواء للمحكمة العليا بالهند,16 نونبر 2021,09:11
مليون و580 ألف شخص تلقوا الجرعة الثالثة,15 نونبر 2021,18:36
عودة إنفلونزا الطيور في عدد من الدول بأوروبا و أسيا,15 نونبر 2021,18:20
بروفيسور يحذر من انتقال موجة كورونا الحالية من أوروبا إلى,15 نونبر 2021,17:14
قافلة طبية متعددة التخصصات بإقليم تازة,15 نونبر 2021,14:17
مصر: منع الموظفين الغير الملقحين لدخول مقر عملهم,15 نونبر 2021,11:37
تلقيح 95.5 في المئة بالقطاع العام و92.5 في المئة بالقطاع,15 نونبر 2021,09:43
يوم دراسي بالرباط حول السمنة وداء السكري,14 نونبر 2021,21:11
حصيلة كورونا :69 إصابة جديدة و3 وفيات خلال 24 ساعة,14 نونبر 2021,16:47
اكتشاف حالات إصابة بداء الحصبة في جمهورية الكونغو الديمقراطية,14 نونبر 2021,16:03
النمسا تفرض حجرا على غير الملقحين,14 نونبر 2021,14:36
أول لقاح مستنشق بالصين مضاد لكوفيد 19,14 نونبر 2021,11:04
المغرب يتصدر البلدان الإفريقية في التلقيح ضد كوفيد 19,14 نونبر 2021,10:05
اللجنة الوزارية لكوفيد19 : تعزيز نظام المراقبة للولوج إلى التراب,13 نونبر 2021,19:46
قافلة خدمات طبية للكشف المبكر عن سرطان عنق الرحم بإقليم,13 نونبر 2021,18:39
بسبب ارتفاع مستوى تلوث الهواء نيودلهي الهندية تغلق مدارسها لأسبوع,13 نونبر 2021,17:02
تسجيل 132 إصابة و3 وفيات جديدة بـكورونا في 24 ساعة,13 نونبر 2021,16:52
تكثيف التواصل في اليوم العالمي للسكري,13 نونبر 2021,14:20
إغلاق جزئي في هولندا لمواجهة الإصابات بفيروس كورونا,13 نونبر 2021,05:04
حصيلة كورونا: 123 إصابة و3 وفيات,12 نونبر 2021,17:45
الممرضون وتقنيو الصحة يواصلون إضرابهم بجميع المصالح الاستشفائية والوقائية بالمملكة,12 نونبر 2021,13:25
سلالة جديدة من فيروس كورونا في مدرسة بشمال غرب قرنسا,12 نونبر 2021,11:20
تسجيل 141 حالة إصابة جديدة و 5 وفيات بفيروس كورونا,11 نونبر 2021,17:02
أزيلال : تنظيم وحدة طبية متنقلة لفائدة النساء الحوامل بآيت,10 نونبر 2021,22:55
المطعمين بالجرعة الثالثة يفوق مليون و558 ألف شخص,10 نونبر 2021,16:56
انطلاق الحملة الوطنية حول أهمية وجبة الفطور لدى الأطفال,10 نونبر 2021,12:30
دراسة: غالبية الألمان يؤيدون فرض قواعد صارمة على غير الملقحين,9 نونبر 2021,22:24
وزارة الصحة تسجل تحسن في الوضعية الوبائية,9 نونبر 2021,14:16
تواصل انخفاض الحالات الإيجابية لكورونا على الصعيد الوطني,9 نونبر 2021,13:12
كوفيد 19: 8 وفيات خلال 24 ساعة وأزيد من مليون,8 نونبر 2021,16:57
ندوة تحسيسية بالمضيق حول أهمية الكشف المبكر في علاج السرطان,8 نونبر 2021,16:25
ألمانيا تسجل معدلا قياسيا لحالات الإصابة بكورونا خلال اسبوع,8 نونبر 2021,14:12
السعودية: تمهيد خطة إعطاء لقاح فايزر للأطفال,8 نونبر 2021,09:18
التلقيح يتيح العودة السريعة والآمنة للحياة الطبيعية,7 نونبر 2021,15:47
ابتكار لقاح ضد السرطان من مجموعة من الباحثين بجامعة نيو,7 نونبر 2021,11:40
تنظيم حملة واسعة للتبرع بالدم بالناظور,7 نونبر 2021,09:09
كوفيد 19..أزيد من مليون و518 ألف شخص تلقوا الجرعة الثالثة,6 نونبر 2021,17:31
طنجة تستضيف المؤتمر الثالث لجمعية المجموعة العلمية لطب الأسرة,6 نونبر 2021,15:33
المركز الاستشفائي الجهوي محمد الخامس ينفي وفاة بسبب اللقاح,6 نونبر 2021,15:00
دورات تدريبية حول التشخيص البيولوجي لـ كوفيد-19 لفائدة المختبرات الخاصة,5 نونبر 2021,18:42
كوفيد 19.. 3 وفيات خلال 24 ساعة وأزيد من مليون,5 نونبر 2021,17:16
كوريا الجنوبية تعتزم اقتناء 30 مليون جرعة إضافية من لقاح,5 نونبر 2021,13:48
دراسة: انبعاثات ثاني أوكسيد الكربون تقترب من المستويات القياسية,4 نونبر 2021,21:04
كورونا: ألمانيا تسجل أرقاما قياسية,4 نونبر 2021,19:21
أزيد من 5، 1 مليون شخص تلقوا الجرعة الثالثة من,4 نونبر 2021,18:26
وزارة الصحة تطلق خدمة إصدار وثيقة الإعفاء من التلقيح ضد,4 نونبر 2021,17:49
بريطانيا ترخص دواء مولنوبيرافير لعلاج كورونا,4 نونبر 2021,14:08
السعودية تعلن تحصين 70 في المئة من سكان البلاد بجرعتي,4 نونبر 2021,11:27
الطيب حمضي: الموانع الحقيقية للتلقيح ضد كوفيد-19 نادرة جدا,3 نونبر 2021,22:51
السعودية تجيز لقاح “فايزر” للفئة العمرية من 5 إلى 11,3 نونبر 2021,19:17
المغرب : عدد المطعمين بالجرعة الثالثة من اللقاح يقارب 5،,3 نونبر 2021,16:45
المركز الإفريقي لمكافحة الأمراض والوقاية يختار معهد باستور المغرب كمركز,3 نونبر 2021,14:20
منظمة الصحة العالمية تدعو إلى تطوير لقاح ضد بكتيريا تقتل,3 نونبر 2021,11:29
هولندا تعيد فرض بعض الإجراءات لمواجهة ارتفاع الإصابات بكوفيد,3 نونبر 2021,09:21
وفيات فيروس كورونا تتخطى خمسة ملايين حول العالم,2 نونبر 2021,18:53
البحرين تقر لقاح فايزر لتطعيم الأطفال بين 5 و11 عاماً,2 نونبر 2021,10:19
الصحة العالمية تطلق النسخة العربية من آلية فلورنس للمساعدة في,2 نونبر 2021,08:30
لقاح كوفيد-19… الإبلاغ عن 35 ألف حالة يتعلق معظمها بمضاعفات,1 نونبر 2021,23:23
أزيد من مليون و434 ألف شخص تلقوا الجرعة الثالثة من,1 نونبر 2021,18:07
كوفيد 19: تلقيح أزيد من 97 في المائة من الساكنة,1 نونبر 2021,16:34
كوفيد-19 .. المغرب تجاوز موجة دلتا ودخل مرحلة بينية لا,1 نونبر 2021,11:02
مراكش.. حملة تحسيسية بأهمية الكشف المبكر عن سرطان الثدي,31 أكتوبر 2021,22:45
الحصيلة اليومية: عدد الملقحين بالجرعة الثالثة في ارتفاع,31 أكتوبر 2021,18:10
انتهاء جائحة كورونا يعتمد على مدى اتساع نطاق متلقي اللقاحات,31 أكتوبر 2021,10:41
المغرب يتسلم أزيد من 850 ألف جرعة من لقاح فايزر,30 أكتوبر 2021,21:10
أزيد من مليون و389 ألف شخص تلقوا الجرعة الثالثة من,30 أكتوبر 2021,18:21
أمريكا تسمح بالاستخدام الطارئ للقاح فايزر للأطفال بين 5 و11,30 أكتوبر 2021,10:06
كولومبيا تسمح بتلقيح الأطفال بين 3 و11 سنة بـ”سينوفاك” الصيني,30 أكتوبر 2021,08:29
وفد علمي سويسري بالعيون لمواكبة الكلية الجديدة للطب,29 أكتوبر 2021,19:12
شركة Moldiag تطلق أول اختبار تشخيصي جزيئي مغربي 100% لسرطان,29 أكتوبر 2021,18:35
أزيد من مليون و 370 ألف شخص تلقوا الجرعة الثالثة,29 أكتوبر 2021,17:21
تيدروس أدهانوم غيبريسوس المرشح الوحيد لرئاسة منظمة الصحة العالمية,29 أكتوبر 2021,14:26
إطلاق حملة طبية واسعة للكشف المبكر عن سرطان الثدي,29 أكتوبر 2021,04:56
المغرب ضمن ثلاث دول إفريقية التي تجاوزت 40 % من,28 أكتوبر 2021,21:10
فيديو : توضيحات جديدة من أيت الطالب حول الحالة الوبائية,28 أكتوبر 2021,20:32
هذا ما قررته لجنة حماية المعطيات الشخصية حول جواز التلقيح,28 أكتوبر 2021,19:07
سجن الناظور ينفي تعريض سجين لمضايقات بسبب رفضه تلقي لقاح,28 أكتوبر 2021,13:25
أزيلال: وضع آلات تصحيح السمع لفائدة أشخاص من ذوي الاحتياجات,28 أكتوبر 2021,10:12
جمعيات مغربية تقاضي وزير الصحة بسبب جواز التلقيح,27 أكتوبر 2021,19:48
كوفيد-19.. أزيد من مليون و 263 ألف شخص تلقوا الجرعة,27 أكتوبر 2021,18:24
منظمة الصحة العالمية تؤكد أن الوباء لم ينته بعد,27 أكتوبر 2021,09:59
دراسات: السرطان ينتشر في البلدان العربية بوتيرة تنذر بالخطر,26 أكتوبر 2021,22:55
حصيلة كورونا: 425 إصابة و15 وفاة بكورونا بالمغرب,26 أكتوبر 2021,18:10
الجديدة.. تسرب كمية من الأمونياك بإحدى وحدات إنتاج الأسمدةالصناعية بالجرف,26 أكتوبر 2021,17:34
الدار البيضاء … تسليم شهادات التخرج الجامعية للفوج الثاني لتخصص,26 أكتوبر 2021,17:09
جواز التلقيح يستند إلى الأحكام الخاصة بحالة الطوارئ الصحية حسب,25 أكتوبر 2021,22:07
أزيد من مليون شخص تلقوا الجرعة الثالثة من اللقاح,25 أكتوبر 2021,17:05
نحو توسعة مركز تصفية الدم بجماعة تارجيست بالحسيمة,25 أكتوبر 2021,16:28
انطلاق تسليم جوازات التلقيح المؤقتة لمن تلقوا الحقنة الأولى بالمغرب,25 أكتوبر 2021,14:40
إطلاق حملة وطنية تحسيسية حول الكشف المبكر عن سرطاني الثدي,25 أكتوبر 2021,11:06
الصين تفرض إغلاقا في عدة مناطق بعد ظهور إصابات جديدة,25 أكتوبر 2021,10:19
خوفا من المتحور الجديد : الهند ترفع قيود الحجر الصحي,25 أكتوبر 2021,09:32
المغرب: القضاء على مرض شلل الأطفال بفضل عملية التلقيح والتشخيص,23 أكتوبر 2021,22:35
حوالي مليون شخص تلقوا الجرعة الثالثة من اللقاح,23 أكتوبر 2021,16:46
حذروا من العسل…باحثون يصممون أول جهاز للكشف عن التسمم الغذائي,23 أكتوبر 2021,16:30
طنجة تستضيف أشغال أول مؤتمر دولي حول الاستعمالات العلاجية والصناعية,23 أكتوبر 2021,11:06
روسيا تسجل زيادة قياسية في وفيات كورونا,22 أكتوبر 2021,23:11
ليكونوميست: تطبيق إلزامية جواز التلقيح سيصطدم بجوانب لوجيستيكية,22 أكتوبر 2021,19:58
توضيحات وزارة الصحة بخصوص الحصول على جواز التلقيح,22 أكتوبر 2021,19:43
الدار البيضاء: مشروع vision qui compte لتمكين الأطفال من الولوج,22 أكتوبر 2021,18:40
فيديو BBC News عربي :المغاربة منقسمون حول “جواز اللقاح” بعد,22 أكتوبر 2021,17:58
أزيد من 918 ألف شخص تلقوا الجرعة الثالثة من اللقاح,22 أكتوبر 2021,17:40
"مشروع قانون المالية 2022: تخصيص 23,5 مليار درهم من الميزانية",22 أكتوبر 2021,14:12
لوبينيون : قرار إلزامية جواز التلقيح قرار اضطراري في سياق,22 أكتوبر 2021,13:03
كورونا: روسيا و بريطانيا أول المتضررين من المتحور الجديد AY4.2,21 أكتوبر 2021,22:11
كوفيد-19 ..أزيد من 866 ألف شخص تلقوا الجرعة الثالثة من,21 أكتوبر 2021,17:25
جمع أزيد من 70 كيس دم خلال حملة للتبرع بمدينة,21 أكتوبر 2021,09:24
جراحون ينجحون في اختبار زرع كلية خنزير في مريضة من,20 أكتوبر 2021,16:41
كوفيد-19.. جواز التلقيح سيساهم في تسريع العودة إلى الحياة الطبيعية,20 أكتوبر 2021,13:38
فيروس كورونا.. 784 ألف و478 شخص تلقوا الجرعة الثالثة من,19 أكتوبر 2021,17:28
التلقيح ضد كورونا.. المغرب الأول إفريقيا والـ 27 عالميا,19 أكتوبر 2021,14:15
مكافحة كوفيد-19..دورات تكوينية لفائدة موريتانيين,19 أكتوبر 2021,13:40
الحكومة : ابتداء من الخميس .. اعتماد جواز التلقيح في,18 أكتوبر 2021,18:30
تسجيل 148 إصابة و17 وفيات جديدة بـكورونا في 24 ساعة,18 أكتوبر 2021,16:47
لوماتان: مخطط تسريع التلقيح الى نهاية شهر نونبر,18 أكتوبر 2021,14:30
العلم : حان الوقت لزيادة عدد العاملين في طب المستعجلات,18 أكتوبر 2021,13:53
رصد حالات جديدة للإصابة بإيبولا في الكونغو الديمقراطية,18 أكتوبر 2021,11:00
كوفيد-19.. المغرب ينتقل إلى المستوى المنخفض لانتقال العدوى,17 أكتوبر 2021,22:32
كوفيد 19 .. أزيد من 705 ألف شخص تلقوا الجرعة,17 أكتوبر 2021,16:51
توقيف شخص بالقنيطرة للاشتباه في تورطه في عملية تهريب وترويج,17 أكتوبر 2021,16:01
مراكش .. توقيع اتفاقية شراكة للنهوض بالصحة العقلية,16 أكتوبر 2021,23:35
وزارة الصحة تدعو الفئات غير الملقحة إلى الإسراع بأخذ جرعاتها,16 أكتوبر 2021,18:21
كوفيد-19 .. أزيد من 644 ألف شخص تلقوا الجرعة الثالثة,16 أكتوبر 2021,18:05
"مسألة حياة أو موت , التبرع بالأعضاء وزرعها .. سباق",16 أكتوبر 2021,11:53
طنجة : يوم تحسيسي حول مكافحة وصم الأشخاص المصابين باضطرابات,15 أكتوبر 2021,23:21
437 إصابة جديدة بكوفيد 19، و572 حالة شفاء، و13 وفاة,15 أكتوبر 2021,16:55
العلم : توجه نحو إلزامية جواز التلقيح لولوج الأماكن والفضاءات,15 أكتوبر 2021,12:16
افتتاح مستشفى ميداني بمدينة العيون بتكلفة 3 ملايير سنتيم,14 أكتوبر 2021,20:09
البروفيسور أمال بورقية تدق ناقوس الخطر بشأن الامتناع عن التبرع,14 أكتوبر 2021,17:30
الولادة الطبيعية أم العملية القيصرية …أيهما أفضل,14 أكتوبر 2021,17:01
تسجيل 506 إصابة جديدة و 20 حالة وفاة بكورونا في,14 أكتوبر 2021,16:55
تلقيح ما يبلغ 70 في المائة من طلبة جامعة عبد,14 أكتوبر 2021,14:58
بيل غيتس: الفوارق في توزيع لقاحات كورونا “مروعة وغير عادلة”,14 أكتوبر 2021,12:19
منظمة الصحة العالمية تشكل مجموعة استشارية جديدة لتحديد منشأ الجوائح,14 أكتوبر 2021,11:52
581 إصابة و15 وفاة بكورونا بالمغرب خلال 24 ساعة,13 أكتوبر 2021,18:56
حصيلة الحالة الوبائية: أزيد من 343 ألف شخص تلقوا الجرعة,13 أكتوبر 2021,17:21
اقتراب خروج المغرب من الموجة الثانية للانتشار فيروس كورونا,12 أكتوبر 2021,19:24
حوالي 50 مستفيدا من قافلة طبية للجراحة العامة بجرسيف,12 أكتوبر 2021,18:48
566 إصابة و11 وفاة بكورونا بالمغرب خلال 24 ساعة,12 أكتوبر 2021,18:40
مؤتمر دولي بمدينة طنجة حول الاستعمالات الطبية للقنب الهندي,12 أكتوبر 2021,17:44
أزيد من 282 ألف شخص تلقوا الجرعة الثالثة من اللقاح,12 أكتوبر 2021,17:29
مجموعة أكديطال تتعبأ من أجل محاربة سرطان الثدي وتدعو جميع,12 أكتوبر 2021,15:21
دراسة: الاضطرابات النفسية في سنوات المراهقة تزيد فرص الإقصاء الاجتماعي,12 أكتوبر 2021,10:50
أزيد من 228 ألف شخص تلقوا الجرعة الثالثة من اللقاح,11 أكتوبر 2021,17:22
أزيد من 181 ألف شخص تلقوا الجرعة الثالثة من اللقاح,10 أكتوبر 2021,17:42
مراكش.. قافلة طبية متعددة التخصصات لفائدة أزيد من 100 شخص,10 أكتوبر 2021,10:47
روسيا تخطط لانتاج 150 مليون جرعة لـ”سبوتنيك في” و300 مليون,9 أكتوبر 2021,10:30
منظمة الصحة: لم نتجاوز مرحلة الخطر في مكافحة كورونا والوضع,7 أكتوبر 2021,21:22
فيروس كورونا: 668 إصابة جديدة و23 وفاة خلال الـ24 ساعة,7 أكتوبر 2021,16:51
أزيد من 64 ألف شخصا تلقوا الجرعة الثالثة من اللقاح,6 أكتوبر 2021,17:21
كوفيد-19.. وزارة الصحة تحث المواطنين على الانخراط في عملية إعطاء,5 أكتوبر 2021,21:03
17 وفاة و 676 إصابة جديدة خلال ال24 ساعة الماضية,5 أكتوبر 2021,18:25
دراسة: فاعلية لقاح فايزر ضد كورونا تنخفض إلى 47% بعد,5 أكتوبر 2021,16:48
خبير : يمكن تلقي الجرعة الثالثة بلقاح آخر,4 أكتوبر 2021,19:22
الحالة الوبائية .. 228 إصابة جديدة خلال الـ 24 ساعة,4 أكتوبر 2021,18:43
جائزة الطب تفتتح موسم “نوبل”.. تعرف على أبرز المرشحين,4 أكتوبر 2021,11:14
504 إصابة جديدة و813 حالة شفاء خلال الـ 24 ساعة,3 أكتوبر 2021,17:23
عملية التطعيم بالجرعة الثالثة من اللقاح تنطلق ابتداء من غد,3 أكتوبر 2021,14:29
821 إصابة جديدة و1291 حالة شفاء خلال الـ 24 ساعة,2 أكتوبر 2021,16:43
كوفيد-19.. إنكلترا تسجل ارتفاعا في عدد الإصابات بين تلاميذ المدارس,2 أكتوبر 2021,11:38
كوفيد-19 : 936 إصابة جديدة و1447 حالة شفاء خلال الـ,1 أكتوبر 2021,20:40
سويسرا : تقديم هدية لكل من يقنع صديقه باللقاح,1 أكتوبر 2021,20:07
المغرب سيشرع في التطعيم بالجرعة الثالثة من اللقاح المضاد لفيروس,1 أكتوبر 2021,18:57
“كوفيد-19”.. 1098 إصابة جديدة وأزيد من 19 مليون و69 ألف,30 شتنبر 2021,17:18
السويد تلغي معظم قيود كورونا بعد تلقيح أكثر من %76,30 شتنبر 2021,06:57
الحصيلة بالمغرب: 1082 إصابة جديدة و23 حالة وفاة خلال الـ,29 شتنبر 2021,18:15
اليوم العالمي لداء السعار.. الدعوة إلى بلورة مخطط وطني للقضاء,29 شتنبر 2021,12:06
المغرب يسجل 1192 إصابة و26 وفاة جديدة بـ”كورونا” في 24,28 شتنبر 2021,16:37
المغرب : رهان التلقيح فرصة لإعطاء زخم جديد للعمل متعدد,28 شتنبر 2021,14:55
كوفيد-19.. اليابان تدرس إلغاء حالة الطوارئ بشكل كامل الخميس المقبل,28 شتنبر 2021,14:54
الوكالة الأوروبية للأدوية تدرس إمكانية الترخيص لجرعة ثالثة من لقاح,28 شتنبر 2021,13:09
وزارة الصحة تؤكد تحسن الوضعية الوبائية للأسبوع السابع تواليا,28 شتنبر 2021,12:58
394 إصابة جديدة خلال الـ24 ساعة الماضية وأزيد من 18,27 شتنبر 2021,16:59
حصيلة يوم الاحد: إصابة 734 شخص وأزيد من 18 مليون,26 شتنبر 2021,16:47
كوفيد-19.. النمسا تخفف قيود الحجر الصحي وتعمم مجانية الاختبارات,26 شتنبر 2021,01:18
“كوفيد-19”.. 1444 إصابة جديدة خلال الـ24 ساعة الماضية وأزيد من,25 شتنبر 2021,16:51
أول اختبار تشخيصي جزيئي مغربي 100% لالتهاب الكبد الوبائي C,25 شتنبر 2021,13:04
كورونا : 1620 إصابة جديدة خلال الـ24 ساعة الماضية,24 شتنبر 2021,17:35
قرار من اللجنة العلمية بشأن التلقيح بالجرعة الثالثة,24 شتنبر 2021,15:59
منظمة الصحة العالمية: إفريقيا بحاجة إلى سبعة أضعاف الكمية التي,24 شتنبر 2021,14:10
علماء يطورون اختبارا يكشف الزهايمر في مراحله الأولى من التطور,24 شتنبر 2021,13:02
بايدن : سنتبرع بنصف مليار جرعة من لقاح كورونا لعدد,23 شتنبر 2021,14:44
الأحداث المغربية : المغرب يقترب من تحقيق المناعة الجماعية ضد,21 شتنبر 2021,17:55
“كوفيد-19”.. 1848 إصابة جديدة خلال الـ24 ساعة الماضية وأزيد من,21 شتنبر 2021,17:53
متأثرا بكورونا ..وفاة صحفي تركي أنكر وجود فيروس كورونا,21 شتنبر 2021,15:09
“يوم بدون سيارات”.. مبادرة في سبيل الحفاظ على البيئة,21 شتنبر 2021,12:32
الصين ترسل شحنة لقاحات “سينوفارم” لأفراد حفظ السلام الأمميين,21 شتنبر 2021,10:52
كوفيد-19.. خبير يؤكد مركزية التلقيح واستعمال جواز اللقاح للتخفيف من,20 شتنبر 2021,21:15
693 إصابة جديدة خلال الـ24 ساعة الماضية وعدد الملقحين بالكامل,20 شتنبر 2021,17:14
كوفيد-19: الموجة المرتبطة بمتحور “دلتا” في منحى تنازلي منذ خمسة,20 شتنبر 2021,15:52
إشادة بمجهودات المغرب ضد كورونا من قبل منظمة الصحة العالمية,20 شتنبر 2021,15:33
اليوم العالمي للزهايمر.. زيادة الوعي بأهمية التشخيص المبكر والمواكبة,20 شتنبر 2021,13:34
علماء صينيون يكشفون عن السلسلة الكاملة لانتقال متغير “دلتا”,20 شتنبر 2021,11:26
أزيلال: تنظيم حملة طبية متعددة التخصصات لفائدة 460 شخصا من,19 شتنبر 2021,21:20
المغرب يسجل 1555 إصابة و34 وفاة جديدة بـ “كورونا” في,19 شتنبر 2021,17:01
جهة بني ملال-خنيفرة: رفع عدد مراكز تلقيح التلاميذ ضد كوفيد-19,19 شتنبر 2021,14:47
غوتيريش يدعو قادة العالم إلى تبني خطة تلقيح عالمية عادلة,19 شتنبر 2021,13:37
السعودية: أكثر من 50 في المئة من السكان تلقوا جرعتي,18 شتنبر 2021,18:11
كوفيد- 19: 2291 إصابة جديدة و 3491 حالة شفاء خلال,18 شتنبر 2021,17:58
كوفيد 19.. 2412 إصابة جديدة و 3624 حالة شفاء خلال,17 شتنبر 2021,17:47
تعزيز التعاون العلمي بين المغرب وهنغاريا في المجال الطبي,17 شتنبر 2021,15:47
عكس ما يروج…خبير أمريكي: لا دليل على ارتباط اللقاحات بالعجز,17 شتنبر 2021,14:31
كوفيد-19 .. القارة الإفريقية تواجه نقصا في اللقاحات يقدر ب470,17 شتنبر 2021,13:53
المغرب نموذج للانتعاش الأخضر والشامل على المستوى القاري,17 شتنبر 2021,10:22
سويسرا: انتخاب المغربية نجية العبادي رئيسة للاتحاد العالمي لجمعيات جراحة,16 شتنبر 2021,22:18
بريطانيا تمنح جرعة ثالثة من اللقاح لمن هم فوق الـ50,16 شتنبر 2021,21:31
الممرضون والأطر الصحية لمستشفى الأطفال ابن سينا يحتجون بالرباط,16 شتنبر 2021,16:21
أطباء المستقبل يطالبون بافتتاح عاجل لمستشفى طنجة الجامعي,16 شتنبر 2021,15:17
كبير خبراء الأمراض المعدية في الولايات المتحدة:”متحور متوحش” لكورونا في,16 شتنبر 2021,14:21
المغرب يستقبل 5 ملايين جرعة من “سينوفارم”,16 شتنبر 2021,11:06
2642 إصابة جديدة و 3240 حالة شفاء خلال ال24 ساعة,15 شتنبر 2021,17:32
عدد التلاميذ الملقحين بالجرعة الأولى ضد كورونا يتجاوز المليون,15 شتنبر 2021,15:36
مديرو مختبرات التحاليل البيولوجية والطبية يبدون رأيهم حول تسقيف أسعار,15 شتنبر 2021,12:05
الداخلة -وادي الذهب: تعبئة لتسريع عملية تلقيح الفئة العمرية من,15 شتنبر 2021,09:49
إيطاليا.. ارتفاع مفاجئ في حالات الاصابات والوفيات بفيروس كورونا,14 شتنبر 2021,22:14
2785 إصابة جديدة و 3958 حالة شفاء خلال ال24 ساعة,14 شتنبر 2021,17:27
وزارة الصحة تنفي اتخاد إجراءات جديدة بعد تحسن الوضعية الوبائية,14 شتنبر 2021,15:25
الرئيس الروسي يدخل عزلا ذاتيا بعد إصابة مقربين منه بفيروس,14 شتنبر 2021,13:36
البدء بتلقيح البالغين ب”فايزر” و توجه نحو اعتماد جرعة ثالثة,14 شتنبر 2021,11:43
توجه نحو تخفيف التدابير الإحترازية لمواجهة جائحة كورونا,14 شتنبر 2021,11:25
خبراء مغاربة يحذرون من سلالات جديدة لكورونا لا تستجيب للقاحات,13 شتنبر 2021,23:59
917 إصابة جديدة و 4451 حالة شفاء خلال ال24 ساعة,13 شتنبر 2021,18:07
السعودية: عدد الإصابات بكورونا يشهد تراجعا بنسبة 95 في المئة,13 شتنبر 2021,10:34
1953 إصابة جديدة و4258 حالة شفاء خلال ال24 ساعة الماضية,12 شتنبر 2021,18:20
قطر: إعطاء الجرعات الثالثة للقاحات ضد كرونا تبدأ الأربعاء المقبل,12 شتنبر 2021,18:02
3113 إصابة جديدة و52 حالة وفاة… الحصيلة اليومية للحالة الوبائية,11 شتنبر 2021,18:23
2668 إصابة جديدة و66 وفاة خلال الـ 24 ساعة الماضية,10 شتنبر 2021,17:43
فرنسا تمنح الجنسية لنحو 12 ألف عامل أجنبي على…,9 شتنبر 2021,19:41
المغرب : 3930 إصابة و72 وفاة جديدة بـ”كورونا” في 24,8 شتنبر 2021,16:48
لذوي المناعة المنخفضة إسبانيا تقترح جرعة ثالثة من اللقاح,7 شتنبر 2021,22:05
كورونا:3524 إصابة جديدة و79 وفاة خلال 24 ساعة بالمغرب,7 شتنبر 2021,17:33
تركيا …رصد حالتين من متحور كورونا الجديد “مو”,7 شتنبر 2021,15:36
المغرب نموذج رائد في مجال التلقيح قاريا وإقليميا,7 شتنبر 2021,10:21
الخميسات:عملية تلقيح الفئة 12-17 تمر في أجواء عادية,7 شتنبر 2021,10:17
تقنين أسعار الاختبارات الخاصة بكشف فيروس كورونا المستجد -بلاغ-,6 شتنبر 2021,23:46
كورونا: 1923 إصابة جديدة و72 وفاة خلال 24 ساعة,6 شتنبر 2021,18:24
الأطعمة اللازمة للوقاية من السرطان,4 شتنبر 2021,16:54
كوريا الجنوبية تعلن رصد 3 حالات إصابة بسلالة المتحورة مو,4 شتنبر 2021,05:32
حصيلة إصابات ووفيات “كورونا” في جهات المغرب,3 شتنبر 2021,18:27
الدكتور حمضي : متحور “مو” من كورونا لا يشكل أي,3 شتنبر 2021,15:54
